model,point_idx,eps,delta,result,pred_class,ambiguous,solve_time_s,total_time_s,counterexample
20251030_112344_small_net_weights.json,0,0.02,0.0,unsat,1,0,0.0013849735260009766,0.005081892013549805,
20251030_112344_small_net_weights.json,0,0.02,0.1,unsat,1,0,0.001306295394897461,0.003258943557739258,
20251030_112344_small_net_weights.json,0,0.05,0.0,sat,1,0,0.0015230178833007812,0.003536224365234375,"[1.9804501686158125, 0.8376898294318155]"
20251030_112344_small_net_weights.json,0,0.05,0.1,sat,1,0,0.0013079643249511719,0.003223896026611328,"[1.9804501686158125, 0.7984966075866662]"
20251030_112344_small_net_weights.json,0,0.1,0.0,sat,1,0,0.0011959075927734375,0.003000974655151367,"[1.9304501686158124, 0.8152871095408085]"
20251030_112344_small_net_weights.json,0,0.1,0.1,sat,1,0,0.0014650821685791016,0.0036017894744873047,"[1.9304501686158124, 0.7760938876956592]"
20251030_112344_small_net_weights.json,0,0.2,0.0,sat,1,1,0.0029320716857910156,0.004846096038818359,"[1.8304501686158126, 0.9168271650021287]"
20251030_112344_small_net_weights.json,0,0.2,0.1,sat,1,1,0.0016171932220458984,0.0037539005279541016,"[1.8304501686158126, 0.9168271650021287]"
20251030_112344_small_net_weights.json,1,0.02,0.0,unsat,1,0,0.000972747802734375,0.0026700496673583984,
20251030_112344_small_net_weights.json,1,0.02,0.1,unsat,1,0,0.0011591911315917969,0.002956867218017578,
20251030_112344_small_net_weights.json,1,0.05,0.0,unsat,1,0,0.0010292530059814453,0.002998828887939453,
20251030_112344_small_net_weights.json,1,0.05,0.1,sat,1,0,0.0014650821685791016,0.003386974334716797,"[-0.15205320542445283, -0.1569809075183597]"
20251030_112344_small_net_weights.json,1,0.1,0.0,sat,1,0,0.0017709732055664062,0.0052678585052490234,"[-0.12793386141750293, -0.1069809075183597]"
20251030_112344_small_net_weights.json,1,0.1,0.1,sat,1,0,0.0012459754943847656,0.003462076187133789,"[-0.05423416975431758, -0.1069809075183597]"
20251030_112344_small_net_weights.json,1,0.2,0.0,sat,1,0,0.0012080669403076172,0.0039691925048828125,"[0.0, -0.006980907518359697]"
20251030_112344_small_net_weights.json,1,0.2,0.1,sat,1,0,0.0012249946594238281,0.003414154052734375,"[0.0, -0.006980907518359697]"
20251030_112344_small_net_weights.json,2,0.02,0.0,unsat,1,0,0.0012171268463134766,0.003518342971801758,
20251030_112344_small_net_weights.json,2,0.02,0.1,unsat,1,0,0.0013251304626464844,0.0030248165130615234,
20251030_112344_small_net_weights.json,2,0.05,0.0,unsat,1,0,0.0011398792266845703,0.0030317306518554688,
20251030_112344_small_net_weights.json,2,0.05,0.1,unsat,1,0,0.0009441375732421875,0.0027327537536621094,
20251030_112344_small_net_weights.json,2,0.1,0.0,unsat,1,0,0.0008990764617919922,0.0025141239166259766,
20251030_112344_small_net_weights.json,2,0.1,0.1,sat,1,0,0.0011179447174072266,0.0029039382934570312,"[0.29192062173459865, 0.041943518257291625]"
20251030_112344_small_net_weights.json,2,0.2,0.0,sat,1,1,0.0014019012451171875,0.0033850669860839844,"[0.19192062173459867, 0.036331300320427015]"
20251030_112344_small_net_weights.json,2,0.2,0.1,sat,1,1,0.003022909164428711,0.00489497184753418,"[0.19192062173459867, -0.0028619215247222777]"
20251030_112344_small_net_weights.json,3,0.02,0.0,unsat,0,0,0.0010259151458740234,0.0027670860290527344,
20251030_112344_small_net_weights.json,3,0.02,0.1,unsat,0,0,0.001119852066040039,0.002870798110961914,
20251030_112344_small_net_weights.json,3,0.05,0.0,unsat,0,0,0.0011391639709472656,0.002966642379760742,
20251030_112344_small_net_weights.json,3,0.05,0.1,unsat,0,0,0.0010581016540527344,0.002790212631225586,
20251030_112344_small_net_weights.json,3,0.1,0.0,unsat,0,0,0.0009739398956298828,0.0026209354400634766,
20251030_112344_small_net_weights.json,3,0.1,0.1,sat,0,0,0.0012621879577636719,0.003147125244140625,"[0.19722396391506752, 0.07790070795268042]"
20251030_112344_small_net_weights.json,3,0.2,0.0,sat,0,0,0.0015308856964111328,0.0033500194549560547,"[0.061511027158535195, -0.022099292047319585]"
20251030_112344_small_net_weights.json,3,0.2,0.1,sat,0,0,0.0011768341064453125,0.0029418468475341797,"[0.0, -0.010466356434986003]"
20251030_112344_small_net_weights.json,4,0.02,0.0,unsat,0,0,0.000993967056274414,0.002835988998413086,
20251030_112344_small_net_weights.json,4,0.02,0.1,unsat,0,0,0.0010139942169189453,0.0026750564575195312,
20251030_112344_small_net_weights.json,4,0.05,0.0,unsat,0,0,0.001149892807006836,0.0028710365295410156,
20251030_112344_small_net_weights.json,4,0.05,0.1,unsat,0,0,0.0010390281677246094,0.002718210220336914,
20251030_112344_small_net_weights.json,4,0.1,0.0,unsat,0,0,0.0009531974792480469,0.0026519298553466797,
20251030_112344_small_net_weights.json,4,0.1,0.1,unsat,0,0,0.0010287761688232422,0.0026738643646240234,
20251030_112344_small_net_weights.json,4,0.2,0.0,sat,0,0,0.0011513233184814453,0.003094911575317383,"[-0.47019144226093573, -0.2603309218025415]"
20251030_112344_small_net_weights.json,4,0.2,0.1,sat,0,0,0.0012700557708740234,0.003025054931640625,"[-0.47019144226093573, -0.22113769995739227]"
20251030_112344_small_net_weights.json,5,0.02,0.0,unsat,1,0,0.0010597705841064453,0.0027871131896972656,
20251030_112344_small_net_weights.json,5,0.02,0.1,unsat,1,0,0.0009174346923828125,0.002610921859741211,
20251030_112344_small_net_weights.json,5,0.05,0.0,unsat,1,0,0.001451730728149414,0.003192901611328125,
20251030_112344_small_net_weights.json,5,0.05,0.1,unsat,1,0,0.0015671253204345703,0.003361940383911133,
20251030_112344_small_net_weights.json,5,0.1,0.0,unsat,1,1,0.0010750293731689453,0.0028972625732421875,
20251030_112344_small_net_weights.json,5,0.1,0.1,unsat,1,1,0.0010118484497070312,0.002711057662963867,
20251030_112344_small_net_weights.json,5,0.2,0.0,sat,1,1,0.001310110092163086,0.0033631324768066406,"[0.3855871544374179, 0.12310444200850296]"
20251030_112344_small_net_weights.json,5,0.2,0.1,sat,1,1,0.0012760162353515625,0.003078937530517578,"[0.3855871544374179, 0.08391122016335367]"
20251030_112344_small_net_weights.json,6,0.02,0.0,unsat,1,0,0.0012209415435791016,0.0029058456420898438,
20251030_112344_small_net_weights.json,6,0.02,0.1,unsat,1,0,0.0010569095611572266,0.0027320384979248047,
20251030_112344_small_net_weights.json,6,0.05,0.0,unsat,1,0,0.0009548664093017578,0.0025599002838134766,
20251030_112344_small_net_weights.json,6,0.05,0.1,unsat,1,0,0.001013040542602539,0.002627134323120117,
20251030_112344_small_net_weights.json,6,0.1,0.0,unsat,1,1,0.0010449886322021484,0.002933025360107422,
20251030_112344_small_net_weights.json,6,0.1,0.1,unsat,1,1,0.0011639595031738281,0.002954244613647461,
20251030_112344_small_net_weights.json,6,0.2,0.0,sat,1,1,0.0014808177947998047,0.003322124481201172,"[-0.25721773178883955, -0.16490711420544585]"
20251030_112344_small_net_weights.json,6,0.2,0.1,sat,1,1,0.0012669563293457031,0.0030150413513183594,"[-0.169743483046207, -0.16490711420544585]"
20251030_112344_small_net_weights.json,7,0.02,0.0,unsat,0,0,0.0007560253143310547,0.002360820770263672,
20251030_112344_small_net_weights.json,7,0.02,0.1,unsat,0,0,0.0007071495056152344,0.0022840499877929688,
20251030_112344_small_net_weights.json,7,0.05,0.0,unsat,0,0,0.0010781288146972656,0.0028891563415527344,
20251030_112344_small_net_weights.json,7,0.05,0.1,unsat,0,0,0.0009670257568359375,0.0026357173919677734,
20251030_112344_small_net_weights.json,7,0.1,0.0,unsat,0,0,0.001094818115234375,0.0029098987579345703,
20251030_112344_small_net_weights.json,7,0.1,0.1,unsat,0,0,0.0010161399841308594,0.0028138160705566406,
20251030_112344_small_net_weights.json,7,0.2,0.0,sat,0,1,0.0030431747436523438,0.004892826080322266,"[-0.13736495405488175, -0.1112065500507864]"
20251030_112344_small_net_weights.json,7,0.2,0.1,sat,0,1,0.0028238296508789062,0.004641056060791016,"[-0.13736495405488175, -0.07201332820563712]"
20251030_112344_small_net_weights.json,8,0.02,0.0,unsat,0,0,0.0012030601501464844,0.0030319690704345703,
20251030_112344_small_net_weights.json,8,0.02,0.1,unsat,0,0,0.0010161399841308594,0.0026772022247314453,
20251030_112344_small_net_weights.json,8,0.05,0.0,unsat,0,0,0.00096893310546875,0.002624988555908203,
20251030_112344_small_net_weights.json,8,0.05,0.1,unsat,0,0,0.0012590885162353516,0.003203868865966797,
20251030_112344_small_net_weights.json,8,0.1,0.0,unsat,0,0,0.0011210441589355469,0.0028870105743408203,
20251030_112344_small_net_weights.json,8,0.1,0.1,unsat,0,0,0.0009682178497314453,0.0027458667755126953,
20251030_112344_small_net_weights.json,8,0.2,0.0,sat,0,0,0.0013539791107177734,0.003108978271484375,"[-1.173461173889164, -0.5754340179123582]"
20251030_112344_small_net_weights.json,8,0.2,0.1,sat,0,0,0.0011680126190185547,0.0028908252716064453,"[-1.173461173889164, -0.5362407960672089]"
20251030_112344_small_net_weights.json,9,0.02,0.0,unsat,0,0,0.0010340213775634766,0.0025970935821533203,
20251030_112344_small_net_weights.json,9,0.02,0.1,unsat,0,0,0.0010461807250976562,0.002647876739501953,
20251030_112344_small_net_weights.json,9,0.05,0.0,unsat,0,1,0.00156402587890625,0.003423929214477539,
20251030_112344_small_net_weights.json,9,0.05,0.1,unsat,0,1,0.0014641284942626953,0.0032129287719726562,
20251030_112344_small_net_weights.json,9,0.1,0.0,unsat,0,1,0.001477956771850586,0.003412008285522461,
20251030_112344_small_net_weights.json,9,0.1,0.1,unsat,0,1,0.0014259815216064453,0.003098011016845703,
20251030_112344_small_net_weights.json,9,0.2,0.0,sat,0,1,0.0030939579010009766,0.0050029754638671875,"[1.6878408888983736, 0.7065849548114338]"
20251030_112344_small_net_weights.json,9,0.2,0.1,sat,0,1,0.0012891292572021484,0.003074169158935547,"[1.5433865088416896, 0.681054756387804]"
20251030_112344_tiny_net_weights.json,0,0.02,0.0,sat,1,1,0.015845060348510742,0.020390987396240234,"[-0.5859554888915933, 0.6846561785734139]"
20251030_112344_tiny_net_weights.json,0,0.02,0.1,sat,1,1,0.01628279685974121,0.020600080490112305,"[-0.5859554888915933, 0.6720304691333369]"
20251030_112344_tiny_net_weights.json,0,0.05,0.0,sat,1,2,0.011452913284301758,0.015915870666503906,"[-0.6159554888915934, 0.737464307077488]"
20251030_112344_tiny_net_weights.json,0,0.05,0.1,sat,1,2,0.004451274871826172,0.008919715881347656,"[-0.5159554888915933, 0.6964616609674809]"
20251030_112344_tiny_net_weights.json,0,0.1,0.0,sat,1,2,0.00437617301940918,0.008865833282470703,"[-0.46595548889159333, 0.7265382217176606]"
20251030_112344_tiny_net_weights.json,0,0.1,0.1,sat,1,2,0.01728510856628418,0.02186417579650879,"[-0.6659554888915933, 0.7536264506874156]"
20251030_112344_tiny_net_weights.json,0,0.2,0.0,sat,1,4,0.02548384666442871,0.029956817626953125,"[-0.3659554888915933, 0.8102261552376274]"
20251030_112344_tiny_net_weights.json,0,0.2,0.1,sat,1,4,0.024343013763427734,0.02872610092163086,"[-0.3659554888915933, 0.8102261552376274]"
20251030_112344_tiny_net_weights.json,1,0.02,0.0,sat,0,2,0.021105289459228516,0.025411128997802734,"[1.072789951171517, 0.05677218215151042]"
20251030_112344_tiny_net_weights.json,1,0.02,0.1,sat,0,2,0.011700868606567383,0.01607990264892578,"[1.092421921894646, 0.05677218215151042]"
20251030_112344_tiny_net_weights.json,1,0.05,0.0,sat,0,3,0.009244203567504883,0.013668060302734375,"[1.1057183178662269, 0.02677218215151042]"
20251030_112344_tiny_net_weights.json,1,0.05,0.1,sat,0,3,0.009665727615356445,0.013941049575805664,"[1.1057183178662269, 0.02677218215151042]"
20251030_112344_tiny_net_weights.json,1,0.1,0.0,sat,0,3,0.009365081787109375,0.013671875,"[1.1061302441557397, 0.17677218215151042]"
20251030_112344_tiny_net_weights.json,1,0.1,0.1,sat,0,3,0.005001068115234375,0.009435176849365234,"[1.0745905520738637, 0.0]"
20251030_112344_tiny_net_weights.json,1,0.2,0.0,sat,0,4,0.022810935974121094,0.027302026748657227,"[1.0567355477517666, -0.0010116055099157913]"
20251030_112344_tiny_net_weights.json,1,0.2,0.1,sat,0,4,0.021144866943359375,0.025761127471923828,"[1.1109492700871277, 0.04570883733165706]"
20251030_112344_tiny_net_weights.json,2,0.02,0.0,sat,1,2,0.0026123523712158203,0.006819009780883789,"[0.6011513565709938, -0.85639684729544]"
20251030_112344_tiny_net_weights.json,2,0.02,0.1,sat,1,2,0.003933906555175781,0.00826406478881836,"[0.6157065639628871, -0.85639684729544]"
20251030_112344_tiny_net_weights.json,2,0.05,0.0,sat,1,3,0.008973836898803711,0.013226032257080078,"[0.5972538502481377, -0.8263968472954399]"
20251030_112344_tiny_net_weights.json,2,0.05,0.1,sat,1,3,0.01560211181640625,0.020038127899169922,"[0.6155675383503769, -0.8263968472954399]"
20251030_112344_tiny_net_weights.json,2,0.1,0.0,sat,1,3,0.006350994110107422,0.010513067245483398,"[0.6149831641768881, -0.77639684729544]"
20251030_112344_tiny_net_weights.json,2,0.1,0.1,sat,1,3,0.006150722503662109,0.010360002517700195,"[0.6149831641768881, -0.77639684729544]"
20251030_112344_tiny_net_weights.json,2,0.2,0.0,sat,1,4,0.02033400535583496,0.024736881256103516,"[0.4412431467342368, -0.67639684729544]"
20251030_112344_tiny_net_weights.json,2,0.2,0.1,sat,1,4,0.01772594451904297,0.0220339298248291,"[0.4412431467342368, -0.67639684729544]"
20251030_112344_tiny_net_weights.json,3,0.02,0.0,unsat,1,1,0.006191730499267578,0.010191202163696289,
20251030_112344_tiny_net_weights.json,3,0.02,0.1,unsat,1,1,0.006203889846801758,0.010349035263061523,
20251030_112344_tiny_net_weights.json,3,0.05,0.0,unsat,1,2,0.0068433284759521484,0.011088848114013672,
20251030_112344_tiny_net_weights.json,3,0.05,0.1,unsat,1,2,0.006903886795043945,0.010937929153442383,
20251030_112344_tiny_net_weights.json,3,0.1,0.0,sat,1,3,0.02880096435546875,0.03302288055419922,"[-0.7275188517294482, 0.635248154656583]"
20251030_112344_tiny_net_weights.json,3,0.1,0.1,sat,1,3,0.024260282516479492,0.028512001037597656,"[-0.7945755148555235, 0.635248154656583]"
20251030_112344_tiny_net_weights.json,3,0.2,0.0,sat,1,3,0.021445035934448242,0.025779008865356445,"[-0.8945755148555234, 0.5496159762950412]"
20251030_112344_tiny_net_weights.json,3,0.2,0.1,sat,1,3,0.01485896110534668,0.019232988357543945,"[-0.8228392383966789, 0.6502305747191814]"
20251030_112344_tiny_net_weights.json,4,0.02,0.0,unsat,1,2,0.008813858032226562,0.012845039367675781,
20251030_112344_tiny_net_weights.json,4,0.02,0.1,unsat,1,2,0.008854866027832031,0.01310276985168457,
20251030_112344_tiny_net_weights.json,4,0.05,0.0,unsat,1,2,0.0074579715728759766,0.011479854583740234,
20251030_112344_tiny_net_weights.json,4,0.05,0.1,unsat,1,2,0.0035758018493652344,0.00781702995300293,
20251030_112344_tiny_net_weights.json,4,0.1,0.0,unsat,1,3,0.01705789566040039,0.02130722999572754,
20251030_112344_tiny_net_weights.json,4,0.1,0.1,unsat,1,3,0.010273933410644531,0.014489173889160156,
20251030_112344_tiny_net_weights.json,4,0.2,0.0,sat,1,4,0.030958175659179688,0.03523612022399902,"[0.6020967705779168, -0.8127389010566808]"
20251030_112344_tiny_net_weights.json,4,0.2,0.1,sat,1,4,0.04588818550109863,0.05019998550415039,"[0.6155042448723278, -0.8127389010566808]"
20251030_112344_tiny_net_weights.json,5,0.02,0.0,unsat,1,0,0.007378816604614258,0.011407852172851562,
20251030_112344_tiny_net_weights.json,5,0.02,0.1,unsat,1,0,0.0077250003814697266,0.011931180953979492,
20251030_112344_tiny_net_weights.json,5,0.05,0.0,unsat,1,1,0.0032508373260498047,0.007476091384887695,
20251030_112344_tiny_net_weights.json,5,0.05,0.1,unsat,1,1,0.0031099319458007812,0.007200956344604492,
20251030_112344_tiny_net_weights.json,5,0.1,0.0,sat,1,1,0.003756999969482422,0.00810098648071289,"[0.09868172621334709, -0.38791404146009445]"
20251030_112344_tiny_net_weights.json,5,0.1,0.1,sat,1,1,0.003810882568359375,0.008460044860839844,"[0.09118787133180753, -0.38791404146009445]"
20251030_112344_tiny_net_weights.json,5,0.2,0.0,sat,1,3,0.008671998977661133,0.013181924819946289,"[0.20771320863110218, -0.5879421215379603]"
20251030_112344_tiny_net_weights.json,5,0.2,0.1,sat,1,3,0.005443096160888672,0.009834051132202148,"[0.05117150338659882, -0.2879140414600944]"
20251030_112344_tiny_net_weights.json,6,0.02,0.0,unsat,1,0,0.003256082534790039,0.007444858551025391,
20251030_112344_tiny_net_weights.json,6,0.02,0.1,unsat,1,0,0.003167867660522461,0.007344245910644531,
20251030_112344_tiny_net_weights.json,6,0.05,0.0,unsat,1,1,0.007927894592285156,0.012158870697021484,
20251030_112344_tiny_net_weights.json,6,0.05,0.1,unsat,1,1,0.007873058319091797,0.011940956115722656,
20251030_112344_tiny_net_weights.json,6,0.1,0.0,unsat,1,2,0.008016109466552734,0.012163162231445312,
20251030_112344_tiny_net_weights.json,6,0.1,0.1,unsat,1,2,0.008270263671875,0.012481927871704102,
20251030_112344_tiny_net_weights.json,6,0.2,0.0,sat,1,4,0.009604930877685547,0.013949155807495117,"[0.4590823609489196, -0.651598211281385]"
20251030_112344_tiny_net_weights.json,6,0.2,0.1,sat,1,4,0.024763822555541992,0.02906489372253418,"[0.31953238341464585, -0.651598211281385]"
20251030_112344_tiny_net_weights.json,7,0.02,0.0,unsat,0,0,0.003077983856201172,0.0071201324462890625,
20251030_112344_tiny_net_weights.json,7,0.02,0.1,unsat,0,0,0.0030159950256347656,0.007140159606933594,
20251030_112344_tiny_net_weights.json,7,0.05,0.0,unsat,0,1,0.0033102035522460938,0.0073201656341552734,
20251030_112344_tiny_net_weights.json,7,0.05,0.1,unsat,0,1,0.00327301025390625,0.00732874870300293,
20251030_112344_tiny_net_weights.json,7,0.1,0.0,sat,0,1,0.010585784912109375,0.014828205108642578,"[-0.26343272039532706, 0.5170017847450458]"
20251030_112344_tiny_net_weights.json,7,0.1,0.1,sat,0,1,0.010393142700195312,0.014729022979736328,"[-0.26343272039532706, 0.5357287588967237]"
20251030_112344_tiny_net_weights.json,7,0.2,0.0,sat,0,3,0.010323047637939453,0.014659881591796875,"[-0.36343272039532704, 0.6174490841480493]"
20251030_112344_tiny_net_weights.json,7,0.2,0.1,sat,0,3,0.005433082580566406,0.009803056716918945,"[-0.36343272039532704, 0.7528445820978998]"
20251030_112344_tiny_net_weights.json,8,0.02,0.0,unsat,0,0,0.003016948699951172,0.007247209548950195,
20251030_112344_tiny_net_weights.json,8,0.02,0.1,unsat,0,0,0.003064870834350586,0.007213115692138672,
20251030_112344_tiny_net_weights.json,8,0.05,0.0,unsat,0,1,0.003183126449584961,0.007174968719482422,
20251030_112344_tiny_net_weights.json,8,0.05,0.1,unsat,0,1,0.0031888484954833984,0.007197856903076172,
20251030_112344_tiny_net_weights.json,8,0.1,0.0,unsat,0,1,0.0031981468200683594,0.007169008255004883,
20251030_112344_tiny_net_weights.json,8,0.1,0.1,unsat,0,1,0.003243684768676758,0.007230043411254883,
20251030_112344_tiny_net_weights.json,8,0.2,0.0,sat,0,2,0.01373434066772461,0.01795220375061035,"[-1.2794110281433486, -0.5802752801655218]"
20251030_112344_tiny_net_weights.json,8,0.2,0.1,sat,0,2,0.013765096664428711,0.017985105514526367,"[-1.2877895484908617, -0.5802752801655218]"
20251030_112344_tiny_net_weights.json,9,0.02,0.0,unsat,1,0,0.0018887519836425781,0.005897998809814453,
20251030_112344_tiny_net_weights.json,9,0.02,0.1,unsat,1,0,0.0018999576568603516,0.006060123443603516,
20251030_112344_tiny_net_weights.json,9,0.05,0.0,unsat,1,0,0.0019240379333496094,0.006018877029418945,
20251030_112344_tiny_net_weights.json,9,0.05,0.1,unsat,1,0,0.001980304718017578,0.006003856658935547,
20251030_112344_tiny_net_weights.json,9,0.1,0.0,unsat,1,1,0.003156900405883789,0.007174015045166016,
20251030_112344_tiny_net_weights.json,9,0.1,0.1,unsat,1,1,0.0030791759490966797,0.00708460807800293,
20251030_112344_tiny_net_weights.json,9,0.2,0.0,sat,1,2,0.006442070007324219,0.010679960250854492,"[0.06740818221068812, -0.16490711420544585]"
20251030_112344_tiny_net_weights.json,9,0.2,0.1,sat,1,2,0.0064220428466796875,0.010624170303344727,"[0.06740818221068812, -0.16490711420544585]"
20251030_112344_wide_net_weights.json,0,0.02,0.0,sat,1,0,0.015621185302734375,0.025870084762573242,"[0.03797862937061631, -0.4679140414600944]"
20251030_112344_wide_net_weights.json,0,0.02,0.1,sat,1,0,0.015564918518066406,0.025933027267456055,"[0.029459897425899197, -0.4679140414600944]"
20251030_112344_wide_net_weights.json,0,0.05,0.0,sat,1,3,0.026425838470458984,0.036514997482299805,"[0.042582126979208115, -0.5379140414600945]"
20251030_112344_wide_net_weights.json,0,0.05,0.1,sat,1,3,0.03204202651977539,0.04221081733703613,"[0.07720376187669653, -0.43791404146009477]"
20251030_112344_wide_net_weights.json,0,0.1,0.0,sat,1,3,0.03743791580200195,0.047901153564453125,"[0.09060894876613611, -0.5879140414600944]"
20251030_112344_wide_net_weights.json,0,0.1,0.1,sat,1,3,0.03424715995788574,0.0444951057434082,"[0.037351607612056574, -0.5879140414600944]"
20251030_112344_wide_net_weights.json,0,0.2,0.0,sat,1,7,0.3029139041900635,0.31334829330444336,"[0.1513990482358987, -0.6680130273592468]"
20251030_112344_wide_net_weights.json,0,0.2,0.1,sat,1,7,0.29917192459106445,0.30951905250549316,"[0.0869861344672328, -0.639315076322084]"
20251030_112344_wide_net_weights.json,1,0.02,0.0,sat,1,2,0.010277271270751953,0.020389318466186523,"[1.052421921894646, 0.06200293089077938]"
20251030_112344_wide_net_weights.json,1,0.02,0.1,sat,1,2,0.006591796875,0.01674485206604004,"[1.052421921894646, 0.05677218215151285]"
20251030_112344_wide_net_weights.json,1,0.05,0.0,sat,1,2,0.015908002853393555,0.026175975799560547,"[1.0393443071531077, 0.02677218215151042]"
20251030_112344_wide_net_weights.json,1,0.05,0.1,sat,1,2,0.005383968353271484,0.015347957611083984,"[1.022421921894646, 0.02677218215151042]"
20251030_112344_wide_net_weights.json,1,0.1,0.0,sat,1,4,0.05948281288146973,0.06986427307128906,"[0.972421921894646, -0.023227817848489582]"
20251030_112344_wide_net_weights.json,1,0.1,0.1,sat,1,4,0.04067707061767578,0.05076289176940918,"[1.0715288783461656, 0.17677218215151042]"
20251030_112344_wide_net_weights.json,1,0.2,0.0,sat,1,7,0.22637581825256348,0.23671674728393555,"[1.0780035826692338, 0.27677218215151045]"
20251030_112344_wide_net_weights.json,1,0.2,0.1,sat,1,7,0.22294402122497559,0.23324990272521973,"[0.9875447622048036, -0.12322781784848959]"
20251030_112344_wide_net_weights.json,2,0.02,0.0,unsat,1,1,0.010483264923095703,0.020807743072509766,
20251030_112344_wide_net_weights.json,2,0.02,0.1,unsat,1,1,0.01023721694946289,0.0210878849029541,
20251030_112344_wide_net_weights.json,2,0.05,0.0,sat,1,4,0.11468100547790527,0.12593412399291992,"[0.14712477708815674, -0.7437081214487159]"
20251030_112344_wide_net_weights.json,2,0.05,0.1,sat,1,4,0.03587174415588379,0.04767894744873047,"[0.08810083689948561, -0.7437081214487159]"
20251030_112344_wide_net_weights.json,2,0.1,0.0,sat,1,5,0.03650259971618652,0.04750800132751465,"[0.11401065745118104, -0.7066806970033801]"
20251030_112344_wide_net_weights.json,2,0.1,0.1,sat,1,5,0.020750045776367188,0.03134512901306152,"[0.07845588300007494, -0.7412916316259112]"
20251030_112344_wide_net_weights.json,2,0.2,0.0,sat,1,7,0.0821681022644043,0.09410476684570312,"[0.04625138289065381, -0.5937081214487159]"
20251030_112344_wide_net_weights.json,2,0.2,0.1,sat,1,7,0.7069230079650879,0.7173199653625488,"[0.07900131750936248, -0.5937081214487159]"
20251030_112344_wide_net_weights.json,3,0.02,0.0,unsat,0,1,0.007374763488769531,0.017930984497070312,
20251030_112344_wide_net_weights.json,3,0.02,0.1,unsat,0,1,0.007255077362060547,0.0172119140625,
20251030_112344_wide_net_weights.json,3,0.05,0.0,sat,0,3,0.01540994644165039,0.025641918182373047,"[-0.20370559312178102, 0.5556590462984003]"
20251030_112344_wide_net_weights.json,3,0.05,0.1,sat,0,3,0.07150602340698242,0.08173394203186035,"[-0.213432720395327, 0.5295409308476425]"
20251030_112344_wide_net_weights.json,3,0.1,0.0,sat,0,5,0.057772159576416016,0.06820034980773926,"[-0.26343272039532706, 0.5436010968894639]"
20251030_112344_wide_net_weights.json,3,0.1,0.1,sat,0,5,0.08289384841918945,0.09404301643371582,"[-0.26343272039532706, 0.5436010968894639]"
20251030_112344_wide_net_weights.json,3,0.2,0.0,sat,0,9,0.4493257999420166,0.46027493476867676,"[-0.36343272039532704, 0.4530863567497175]"
20251030_112344_wide_net_weights.json,3,0.2,0.1,sat,0,9,1.2757413387298584,1.2862999439239502,"[-0.36343272039532704, 0.676646095832654]"
20251030_112344_wide_net_weights.json,4,0.02,0.0,unsat,1,0,0.0047490596771240234,0.015118122100830078,
20251030_112344_wide_net_weights.json,4,0.02,0.1,unsat,1,0,0.004857778549194336,0.015619039535522461,
20251030_112344_wide_net_weights.json,4,0.05,0.0,unsat,1,1,0.004621028900146484,0.014732837677001953,
20251030_112344_wide_net_weights.json,4,0.05,0.1,unsat,1,1,0.0048220157623291016,0.01489114761352539,
20251030_112344_wide_net_weights.json,4,0.1,0.0,sat,1,3,0.024399995803833008,0.034706830978393555,"[0.027889935887316114, -0.31450708790526444]"
20251030_112344_wide_net_weights.json,4,0.1,0.1,sat,1,3,0.05795097351074219,0.06809401512145996,"[0.027889935887316114, -0.44404147389414034]"
20251030_112344_wide_net_weights.json,4,0.2,0.0,sat,1,5,0.29037904739379883,0.3009200096130371,"[0.04866526156852052, -0.25648228249273947]"
20251030_112344_wide_net_weights.json,4,0.2,0.1,sat,1,5,0.23473095893859863,0.24524998664855957,"[0.019188344110151995, -0.3117265524603452]"
20251030_112344_wide_net_weights.json,5,0.02,0.0,unsat,1,1,0.010121822357177734,0.02032613754272461,
20251030_112344_wide_net_weights.json,5,0.02,0.1,unsat,1,1,0.009712934494018555,0.019936084747314453,
20251030_112344_wide_net_weights.json,5,0.05,0.0,unsat,1,2,0.00846719741821289,0.018294811248779297,
20251030_112344_wide_net_weights.json,5,0.05,0.1,unsat,1,2,0.008401870727539062,0.018368005752563477,
20251030_112344_wide_net_weights.json,5,0.1,0.0,sat,1,5,0.20842599868774414,0.21864986419677734,"[0.35908236094891954, -0.7838691652834906]"
20251030_112344_wide_net_weights.json,5,0.1,0.1,sat,1,5,0.017359018325805664,0.027886629104614258,"[0.15908236094891956, -0.7515982112813849]"
20251030_112344_wide_net_weights.json,5,0.2,0.0,sat,1,10,0.9972050189971924,1.007836103439331,"[0.1270220581060456, -0.651598211281385]"
20251030_112344_wide_net_weights.json,5,0.2,0.1,sat,1,10,0.8037078380584717,0.8141570091247559,"[0.43058469263199745, -0.7473850392773843]"
20251030_112344_wide_net_weights.json,6,0.02,0.0,unsat,1,1,0.007928133010864258,0.01809978485107422,
20251030_112344_wide_net_weights.json,6,0.02,0.1,unsat,1,1,0.00813913345336914,0.018159866333007812,
20251030_112344_wide_net_weights.json,6,0.05,0.0,unsat,1,1,0.007818937301635742,0.01779007911682129,
20251030_112344_wide_net_weights.json,6,0.05,0.1,unsat,1,1,0.007801055908203125,0.01790904998779297,
20251030_112344_wide_net_weights.json,6,0.1,0.0,sat,1,5,0.18477296829223633,0.19513487815856934,"[-0.46595548889159333, 0.7363438272438266]"
20251030_112344_wide_net_weights.json,6,0.1,0.1,sat,1,5,0.09371685981750488,0.10420989990234375,"[-0.46595548889159333, 0.7320136145713095]"
20251030_112344_wide_net_weights.json,6,0.2,0.0,sat,1,12,3.7545039653778076,3.7649998664855957,"[-0.7604936008025389, 0.7822669540105281]"
20251030_112344_wide_net_weights.json,6,0.2,0.1,sat,1,12,9.336641788482666,9.347678899765015,"[-0.7640540127681095, 0.7712326121950183]"
20251030_112344_wide_net_weights.json,7,0.02,0.0,unsat,1,2,0.040461063385009766,0.05069398880004883,
20251030_112344_wide_net_weights.json,7,0.02,0.1,unsat,1,2,0.041046142578125,0.05106830596923828,
20251030_112344_wide_net_weights.json,7,0.05,0.0,unsat,1,3,0.039666175842285156,0.0499567985534668,
20251030_112344_wide_net_weights.json,7,0.05,0.1,unsat,1,3,0.039759159088134766,0.05013418197631836,
20251030_112344_wide_net_weights.json,7,0.1,0.0,unsat,1,5,0.05898714065551758,0.06906485557556152,
20251030_112344_wide_net_weights.json,7,0.1,0.1,sat,1,5,0.23761367797851562,0.2481689453125,"[0.07663042507092899, -0.713796358149322]"
20251030_112344_wide_net_weights.json,7,0.2,0.0,sat,1,7,0.06895589828491211,0.07985186576843262,"[0.11568699328293534, -0.7050488613139697]"
20251030_112344_wide_net_weights.json,7,0.2,0.1,sat,1,7,0.0439763069152832,0.0548100471496582,"[0.03930763702049432, -0.6176570912522993]"
20251030_112344_wide_net_weights.json,8,0.02,0.0,unsat,1,0,0.009948968887329102,0.02011394500732422,
20251030_112344_wide_net_weights.json,8,0.02,0.1,unsat,1,0,0.010338068008422852,0.02030634880065918,
20251030_112344_wide_net_weights.json,8,0.05,0.0,unsat,1,3,0.013846874237060547,0.024496078491210938,
20251030_112344_wide_net_weights.json,8,0.05,0.1,unsat,1,3,0.027166128158569336,0.03763103485107422,
20251030_112344_wide_net_weights.json,8,0.1,0.0,unsat,1,4,0.06617093086242676,0.07648396492004395,
20251030_112344_wide_net_weights.json,8,0.1,0.1,unsat,1,4,0.11289286613464355,0.12331914901733398,
20251030_112344_wide_net_weights.json,8,0.2,0.0,sat,1,9,0.41199207305908203,0.4226982593536377,"[0.42115135657099384, -0.7435921112295837]"
20251030_112344_wide_net_weights.json,8,0.2,0.1,sat,1,9,0.5415799617767334,0.5523431301116943,"[0.42115135657099384, -0.7394259736923017]"
20251030_112344_wide_net_weights.json,9,0.02,0.0,unsat,1,0,0.0048329830169677734,0.01513814926147461,
20251030_112344_wide_net_weights.json,9,0.02,0.1,unsat,1,0,0.00484776496887207,0.014948129653930664,
20251030_112344_wide_net_weights.json,9,0.05,0.0,unsat,1,0,0.004564046859741211,0.01460719108581543,
20251030_112344_wide_net_weights.json,9,0.05,0.1,unsat,1,0,0.004555940628051758,0.014783859252929688,
20251030_112344_wide_net_weights.json,9,0.1,0.0,unsat,1,2,0.011237144470214844,0.021270036697387695,
20251030_112344_wide_net_weights.json,9,0.1,0.1,unsat,1,2,0.02235698699951172,0.032328128814697266,
20251030_112344_wide_net_weights.json,9,0.2,0.0,sat,1,5,0.30587291717529297,0.31625914573669434,"[0.021803324148722485, -0.22195510723162062]"
20251030_112344_wide_net_weights.json,9,0.2,0.1,sat,1,5,0.08058977127075195,0.09081912040710449,"[0.045765830245682426, -0.40698090751835964]"
20251030_112350_small_net_weights.json,0,0.02,0.0,sat,0,0,0.0012018680572509766,0.0029859542846679688,"[-0.1342341697543176, -0.2116320771716061]"
20251030_112350_small_net_weights.json,0,0.02,0.1,sat,0,0,0.0010569095611572266,0.002910137176513672,"[-0.1342341697543176, -0.18698090751835972]"
20251030_112350_small_net_weights.json,0,0.05,0.0,sat,0,1,0.0019969940185546875,0.0038290023803710938,"[-0.10423416975431758, -0.20430056115730755]"
20251030_112350_small_net_weights.json,0,0.05,0.1,sat,0,1,0.0021131038665771484,0.0039730072021484375,"[-0.10423416975431758, -0.16697126846191973]"
20251030_112350_small_net_weights.json,0,0.1,0.0,sat,0,2,0.003023862838745117,0.005056858062744141,"[-0.25423416975431756, -0.3069809075183597]"
20251030_112350_small_net_weights.json,0,0.1,0.1,sat,0,2,0.0030858516693115234,0.0049631595611572266,"[-0.25423416975431756, -0.2036288485334125]"
20251030_112350_small_net_weights.json,0,0.2,0.0,sat,0,2,0.0021402835845947266,0.004005908966064453,"[-0.3542341697543176, -0.4069809075183597]"
20251030_112350_small_net_weights.json,0,0.2,0.1,sat,0,2,0.002337932586669922,0.0043277740478515625,"[-0.3542341697543176, -0.4069809075183597]"
20251030_112350_small_net_weights.json,1,0.02,0.0,unsat,1,0,0.0007262229919433594,0.002395153045654297,
20251030_112350_small_net_weights.json,1,0.02,0.1,sat,1,0,0.0008628368377685547,0.002557992935180664,"[0.5655871544374179, -0.04323219294716964]"
20251030_112350_small_net_weights.json,1,0.05,0.0,sat,1,2,0.002446889877319336,0.004324913024902344,"[0.635587154437418, -0.023500164956265154]"
20251030_112350_small_net_weights.json,1,0.05,0.1,sat,1,2,0.00635218620300293,0.008135795593261719,"[0.635587154437418, -0.057531662948720017]"
20251030_112350_small_net_weights.json,1,0.1,0.0,sat,1,3,0.003559112548828125,0.005430936813354492,"[0.48558715443741796, 0.036767807052830365]"
20251030_112350_small_net_weights.json,1,0.1,0.1,sat,1,3,0.0030410289764404297,0.005181789398193359,"[0.48558715443741796, 0.036767807052830365]"
20251030_112350_small_net_weights.json,1,0.2,0.0,sat,1,3,0.006438255310058594,0.008338212966918945,"[0.785587154437418, 0.13676780705283012]"
20251030_112350_small_net_weights.json,1,0.2,0.1,sat,1,3,0.006840705871582031,0.008707046508789062,"[0.785587154437418, 0.07993407201728038]"
20251030_112350_small_net_weights.json,2,0.02,0.0,unsat,0,1,0.0015749931335449219,0.0032820701599121094,
20251030_112350_small_net_weights.json,2,0.02,0.1,sat,0,1,0.0012936592102050781,0.0031266212463378906,"[0.37192062173459867, -0.0506067191590538]"
20251030_112350_small_net_weights.json,2,0.05,0.0,sat,0,1,0.001641988754272461,0.003445863723754883,"[0.39547170347350225, -0.08218050742368073]"
20251030_112350_small_net_weights.json,2,0.05,0.1,sat,0,1,0.0012569427490234375,0.003353118896484375,"[0.3419206217345987, -0.057938235173352344]"
20251030_112350_small_net_weights.json,2,0.1,0.0,sat,0,2,0.0012798309326171875,0.0031299591064453125,"[0.29192062173459865, -0.10748672122590441]"
20251030_112350_small_net_weights.json,2,0.1,0.1,sat,0,2,0.002576112747192383,0.004477024078369141,"[0.4919206217345987, -0.13218050742368073]"
20251030_112350_small_net_weights.json,2,0.2,0.0,sat,0,3,0.002891063690185547,0.004756927490234375,"[0.19192062173459867, -0.23218050742368074]"
20251030_112350_small_net_weights.json,2,0.2,0.1,sat,0,3,0.004643678665161133,0.006534099578857422,"[0.19192062173459867, -0.09459581524484512]"
20251030_112350_small_net_weights.json,3,0.02,0.0,unsat,0,0,0.0009717941284179688,0.002664804458618164,
20251030_112350_small_net_weights.json,3,0.02,0.1,unsat,0,0,0.0010738372802734375,0.0029032230377197266,
20251030_112350_small_net_weights.json,3,0.05,0.0,unsat,0,0,0.0017681121826171875,0.003506898880004883,
20251030_112350_small_net_weights.json,3,0.05,0.1,unsat,0,0,0.0018339157104492188,0.003551959991455078,
20251030_112350_small_net_weights.json,3,0.1,0.0,unsat,0,1,0.0010330677032470703,0.0027108192443847656,
20251030_112350_small_net_weights.json,3,0.1,0.1,sat,0,1,0.00257110595703125,0.0044100284576416016,"[-1.3862501038090327, -0.4802752801655218]"
20251030_112350_small_net_weights.json,3,0.2,0.0,sat,0,2,0.0029549598693847656,0.004929065704345703,"[-1.173461173889164, -0.5802752801655218]"
20251030_112350_small_net_weights.json,3,0.2,0.1,sat,0,2,0.0022993087768554688,0.004214048385620117,"[-1.573461173889164, -0.5260266454437369]"
20251030_112350_small_net_weights.json,4,0.02,0.0,unsat,0,1,0.0010991096496582031,0.002794981002807617,
20251030_112350_small_net_weights.json,4,0.02,0.1,unsat,0,1,0.001123189926147461,0.0027952194213867188,
20251030_112350_small_net_weights.json,4,0.05,0.0,unsat,0,1,0.0011141300201416016,0.0029239654541015625,
20251030_112350_small_net_weights.json,4,0.05,0.1,sat,0,1,0.0012950897216796875,0.003092050552368164,"[1.5259889276803646, 0.831054756387804]"
20251030_112350_small_net_weights.json,4,0.1,0.0,sat,0,1,0.001268148422241211,0.0030579566955566406,"[1.5043583688635487, 0.7810547563878041]"
20251030_112350_small_net_weights.json,4,0.1,0.1,sat,0,1,0.0013298988342285156,0.003348112106323242,"[1.472455022803477, 0.7810547563878041]"
20251030_112350_small_net_weights.json,4,0.2,0.0,sat,0,2,0.0013189315795898438,0.003100872039794922,"[1.3972905591097728, 0.681054756387804]"
20251030_112350_small_net_weights.json,4,0.2,0.1,sat,0,2,0.0020627975463867188,0.0038461685180664062,"[1.6512501364106535, 0.681054756387804]"
20251030_112350_small_net_weights.json,5,0.02,0.0,unsat,1,0,0.0010950565338134766,0.0027489662170410156,
20251030_112350_small_net_weights.json,5,0.02,0.1,unsat,1,0,0.0011661052703857422,0.0028481483459472656,
20251030_112350_small_net_weights.json,5,0.05,0.0,unsat,1,0,0.0010089874267578125,0.0028810501098632812,
20251030_112350_small_net_weights.json,5,0.05,0.1,unsat,1,0,0.000985860824584961,0.0026750564575195312,
20251030_112350_small_net_weights.json,5,0.1,0.0,unsat,1,1,0.000997781753540039,0.002749919891357422,
20251030_112350_small_net_weights.json,5,0.1,0.1,unsat,1,1,0.0009989738464355469,0.002885103225708008,
20251030_112350_small_net_weights.json,5,0.2,0.0,sat,1,2,0.0008831024169921875,0.0027680397033691406,"[0.0, -0.16490711420544585]"
20251030_112350_small_net_weights.json,5,0.2,0.1,sat,1,2,0.002494335174560547,0.004368782043457031,"[-0.2721100641126839, -0.2826560141161305]"
20251030_112350_small_net_weights.json,6,0.02,0.0,unsat,0,0,0.0010020732879638672,0.0027778148651123047,
20251030_112350_small_net_weights.json,6,0.02,0.1,unsat,0,0,0.0009758472442626953,0.0026099681854248047,
20251030_112350_small_net_weights.json,6,0.05,0.0,unsat,0,0,0.0018222332000732422,0.0035631656646728516,
20251030_112350_small_net_weights.json,6,0.05,0.1,unsat,0,0,0.0017189979553222656,0.003381013870239258,
20251030_112350_small_net_weights.json,6,0.1,0.0,unsat,0,0,0.001020193099975586,0.0027217864990234375,
20251030_112350_small_net_weights.json,6,0.1,0.1,unsat,0,0,0.0009400844573974609,0.0027971267700195312,
20251030_112350_small_net_weights.json,6,0.2,0.0,sat,0,1,0.0012547969818115234,0.0030510425567626953,"[-0.47019144226093573, -0.2937346146216839]"
20251030_112350_small_net_weights.json,6,0.2,0.1,sat,0,1,0.0012161731719970703,0.0029969215393066406,"[-0.47019144226093573, -0.2564053219262961]"
20251030_112350_small_net_weights.json,7,0.02,0.0,unsat,0,0,0.0010259151458740234,0.002827167510986328,
20251030_112350_small_net_weights.json,7,0.02,0.1,unsat,0,0,0.0009491443634033203,0.002602100372314453,
20251030_112350_small_net_weights.json,7,0.05,0.0,unsat,0,0,0.0018460750579833984,0.003511190414428711,
20251030_112350_small_net_weights.json,7,0.05,0.1,unsat,0,0,0.0016031265258789062,0.0032587051391601562,
20251030_112350_small_net_weights.json,7,0.1,0.0,unsat,0,0,0.0017180442810058594,0.0034818649291992188,
20251030_112350_small_net_weights.json,7,0.1,0.1,unsat,0,0,0.001688241958618164,0.003515005111694336,
20251030_112350_small_net_weights.json,7,0.2,0.0,sat,0,1,0.0012879371643066406,0.003120899200439453,"[-1.3509764630576346, -0.50898426412586]"
20251030_112350_small_net_weights.json,7,0.2,0.1,sat,0,1,0.002613067626953125,0.00436711311340332,"[-1.5075616077414884, -0.5099218546255032]"
20251030_112350_small_net_weights.json,8,0.02,0.0,unsat,0,0,0.0009672641754150391,0.002707958221435547,
20251030_112350_small_net_weights.json,8,0.02,0.1,unsat,0,0,0.0009636878967285156,0.002637147903442383,
20251030_112350_small_net_weights.json,8,0.05,0.0,unsat,0,0,0.0017170906066894531,0.0035698413848876953,
20251030_112350_small_net_weights.json,8,0.05,0.1,unsat,0,0,0.0017199516296386719,0.003364086151123047,
20251030_112350_small_net_weights.json,8,0.1,0.0,unsat,0,0,0.0010988712310791016,0.0028848648071289062,
20251030_112350_small_net_weights.json,8,0.1,0.1,unsat,0,0,0.0008950233459472656,0.0025250911712646484,
20251030_112350_small_net_weights.json,8,0.2,0.0,unsat,0,1,0.0010023117065429688,0.0027229785919189453,
20251030_112350_small_net_weights.json,8,0.2,0.1,unsat,0,1,0.0010390281677246094,0.0030710697174072266,
20251030_112350_small_net_weights.json,9,0.02,0.0,unsat,1,0,0.0008089542388916016,0.0024602413177490234,
20251030_112350_small_net_weights.json,9,0.02,0.1,unsat,1,0,0.0008840560913085938,0.0026140213012695312,
20251030_112350_small_net_weights.json,9,0.05,0.0,unsat,1,0,0.001110076904296875,0.0027811527252197266,
20251030_112350_small_net_weights.json,9,0.05,0.1,unsat,1,0,0.000942230224609375,0.0026450157165527344,
20251030_112350_small_net_weights.json,9,0.1,0.0,unsat,1,0,0.0009028911590576172,0.002583026885986328,
20251030_112350_small_net_weights.json,9,0.1,0.1,unsat,1,0,0.0011179447174072266,0.0028090476989746094,
20251030_112350_small_net_weights.json,9,0.2,0.0,unsat,1,0,0.0009028911590576172,0.002583026885986328,
20251030_112350_small_net_weights.json,9,0.2,0.1,unsat,1,0,0.0008928775787353516,0.002524852752685547,
20251030_112350_tiny_net_weights.json,0,0.02,0.0,unsat,1,1,0.0032570362091064453,0.0073053836822509766,
20251030_112350_tiny_net_weights.json,0,0.02,0.1,sat,1,1,0.004108905792236328,0.008347749710083008,"[1.052421921894646, 0.09174726657508275]"
20251030_112350_tiny_net_weights.json,0,0.05,0.0,sat,1,2,0.013150930404663086,0.017544269561767578,"[1.0241398090912066, 0.02677218215151042]"
20251030_112350_tiny_net_weights.json,0,0.05,0.1,sat,1,2,0.005934000015258789,0.010039806365966797,"[1.022421921894646, 0.12677218215151043]"
20251030_112350_tiny_net_weights.json,0,0.1,0.0,sat,1,3,0.003287076950073242,0.0075070858001708984,"[0.972421921894646, 0.0]"
20251030_112350_tiny_net_weights.json,0,0.1,0.1,sat,1,3,0.0049440860748291016,0.009081125259399414,"[0.972421921894646, 0.1454974215500366]"
20251030_112350_tiny_net_weights.json,0,0.2,0.0,sat,1,5,0.004237174987792969,0.008526802062988281,"[0.8724219218946461, 0.0]"
20251030_112350_tiny_net_weights.json,0,0.2,0.1,sat,1,5,0.01826786994934082,0.022617101669311523,"[1.0175120459362186, 0.27677218215151045]"
20251030_112350_tiny_net_weights.json,1,0.02,0.0,unsat,1,0,0.005589962005615234,0.00962209701538086,
20251030_112350_tiny_net_weights.json,1,0.02,0.1,unsat,1,0,0.0054738521575927734,0.00957489013671875,
20251030_112350_tiny_net_weights.json,1,0.05,0.0,sat,1,2,0.016140222549438477,0.02044200897216797,"[-0.7343599444582192, 0.5852481546565831]"
20251030_112350_tiny_net_weights.json,1,0.05,0.1,sat,1,2,0.013841867446899414,0.018198013305664062,"[-0.7249539305033185, 0.5852481546565831]"
20251030_112350_tiny_net_weights.json,1,0.1,0.0,sat,1,4,0.013098001480102539,0.017431259155273438,"[-0.7945755148555235, 0.49345335195238593]"
20251030_112350_tiny_net_weights.json,1,0.1,0.1,sat,1,4,0.008877754211425781,0.013240814208984375,"[-0.7945755148555235, 0.49345335195238593]"
20251030_112350_tiny_net_weights.json,1,0.2,0.0,sat,1,5,0.07744193077087402,0.0821070671081543,"[-0.6677221041052848, 0.735248154656583]"
20251030_112350_tiny_net_weights.json,1,0.2,0.1,sat,1,5,0.0291898250579834,0.03364396095275879,"[-0.6759603344604719, 0.6876501442403252]"
20251030_112350_tiny_net_weights.json,2,0.02,0.0,unsat,1,1,0.003149271011352539,0.007232666015625,
20251030_112350_tiny_net_weights.json,2,0.02,0.1,unsat,1,1,0.003141164779663086,0.0072748661041259766,
20251030_112350_tiny_net_weights.json,2,0.05,0.0,sat,1,5,0.04774212837219238,0.0520932674407959,"[-0.5188080826069488, 0.737464307077488]"
20251030_112350_tiny_net_weights.json,2,0.05,0.1,sat,1,5,0.03840899467468262,0.0427861213684082,"[-0.5298455650808327, 0.737464307077488]"
20251030_112350_tiny_net_weights.json,2,0.1,0.0,sat,1,5,0.034587860107421875,0.03912186622619629,"[-0.6659554888915933, 0.7874643070774879]"
20251030_112350_tiny_net_weights.json,2,0.1,0.1,sat,1,5,0.046543121337890625,0.05091524124145508,"[-0.6659554888915933, 0.7094986748951495]"
20251030_112350_tiny_net_weights.json,2,0.2,0.0,sat,1,5,0.11630105972290039,0.12092280387878418,"[-0.615066167492918, 0.8419384431956229]"
20251030_112350_tiny_net_weights.json,2,0.2,0.1,sat,1,5,0.04160284996032715,0.04612612724304199,"[-0.615066167492918, 0.8419384431956229]"
20251030_112350_tiny_net_weights.json,3,0.02,0.0,unsat,1,1,0.0041010379791259766,0.00825190544128418,
20251030_112350_tiny_net_weights.json,3,0.02,0.1,unsat,1,1,0.0037980079650878906,0.008110761642456055,
20251030_112350_tiny_net_weights.json,3,0.05,0.0,unsat,1,1,0.0027370452880859375,0.0070302486419677734,
20251030_112350_tiny_net_weights.json,3,0.05,0.1,unsat,1,1,0.0028998851776123047,0.00721287727355957,
20251030_112350_tiny_net_weights.json,3,0.1,0.0,sat,1,2,0.007245063781738281,0.011574983596801758,"[0.12720376187669652, -0.38791404146009456]"
20251030_112350_tiny_net_weights.json,3,0.1,0.1,sat,1,2,0.0035529136657714844,0.008068084716796875,"[0.07510523141034735, -0.38791404146009445]"
20251030_112350_tiny_net_weights.json,3,0.2,0.0,sat,1,4,0.014564275741577148,0.019112825393676758,"[0.22720376187669653, -0.28791404146009475]"
20251030_112350_tiny_net_weights.json,3,0.2,0.1,sat,1,4,0.011636972427368164,0.01604914665222168,"[0.13636343627933495, -0.2879140414600944]"
20251030_112350_tiny_net_weights.json,4,0.02,0.0,unsat,1,1,0.004251956939697266,0.008310079574584961,
20251030_112350_tiny_net_weights.json,4,0.02,0.1,unsat,1,1,0.004242897033691406,0.008455038070678711,
20251030_112350_tiny_net_weights.json,4,0.05,0.0,unsat,1,2,0.00185394287109375,0.006041049957275391,
20251030_112350_tiny_net_weights.json,4,0.05,0.1,unsat,1,2,0.0018639564514160156,0.006079196929931641,
20251030_112350_tiny_net_weights.json,4,0.1,0.0,sat,1,3,0.006309032440185547,0.010716915130615234,"[0.21566922607499914, -0.7515982112813849]"
20251030_112350_tiny_net_weights.json,4,0.1,0.1,sat,1,3,0.009989738464355469,0.014518022537231445,"[0.20649011562515854, -0.7515982112813849]"
20251030_112350_tiny_net_weights.json,4,0.2,0.0,sat,1,6,0.042695045471191406,0.047348976135253906,"[0.2152155139862245, -0.752465235079822]"
20251030_112350_tiny_net_weights.json,4,0.2,0.1,sat,1,6,0.055895090103149414,0.060534000396728516,"[0.4590823609489196, -0.651598211281385]"
20251030_112350_tiny_net_weights.json,5,0.02,0.0,unsat,1,1,0.003841876983642578,0.007946014404296875,
20251030_112350_tiny_net_weights.json,5,0.02,0.1,unsat,1,1,0.0037941932678222656,0.008023738861083984,
20251030_112350_tiny_net_weights.json,5,0.05,0.0,unsat,1,1,0.003704071044921875,0.008023977279663086,
20251030_112350_tiny_net_weights.json,5,0.05,0.1,unsat,1,1,0.003634929656982422,0.007865190505981445,
20251030_112350_tiny_net_weights.json,5,0.1,0.0,sat,1,3,0.015702009201049805,0.019936084747314453,"[0.19712477708815693, -0.6937081214487161]"
20251030_112350_tiny_net_weights.json,5,0.1,0.1,sat,1,3,0.010992050170898438,0.015419960021972656,"[0.185576687488906, -0.693708121448716]"
20251030_112350_tiny_net_weights.json,5,0.2,0.0,sat,1,6,0.04486894607543945,0.049433231353759766,"[0.2788618653428759, -0.630839863670965]"
20251030_112350_tiny_net_weights.json,5,0.2,0.1,sat,1,6,0.09333610534667969,0.09772896766662598,"[0.2788618653428759, -0.630839863670965]"
20251030_112350_tiny_net_weights.json,6,0.02,0.0,unsat,0,1,0.0025148391723632812,0.006613969802856445,
20251030_112350_tiny_net_weights.json,6,0.02,0.1,unsat,0,1,0.0026650428771972656,0.00673222541809082,
20251030_112350_tiny_net_weights.json,6,0.05,0.0,unsat,0,1,0.0025510787963867188,0.006600141525268555,
20251030_112350_tiny_net_weights.json,6,0.05,0.1,unsat,0,1,0.00244903564453125,0.00667881965637207,
20251030_112350_tiny_net_weights.json,6,0.1,0.0,unsat,0,3,0.023853778839111328,0.028265953063964844,
20251030_112350_tiny_net_weights.json,6,0.1,0.1,unsat,0,3,0.01104283332824707,0.015380144119262695,
20251030_112350_tiny_net_weights.json,6,0.2,0.0,unsat,0,5,0.06610512733459473,0.07038688659667969,
20251030_112350_tiny_net_weights.json,6,0.2,0.1,unsat,0,5,0.07543015480041504,0.07963800430297852,
20251030_112350_tiny_net_weights.json,7,0.02,0.0,unsat,1,1,0.003926992416381836,0.007945060729980469,
20251030_112350_tiny_net_weights.json,7,0.02,0.1,unsat,1,1,0.004045009613037109,0.008156299591064453,
20251030_112350_tiny_net_weights.json,7,0.05,0.0,unsat,1,1,0.00390625,0.008088111877441406,
20251030_112350_tiny_net_weights.json,7,0.05,0.1,unsat,1,1,0.003983020782470703,0.008182764053344727,
20251030_112350_tiny_net_weights.json,7,0.1,0.0,unsat,1,3,0.018423795700073242,0.022687196731567383,
20251030_112350_tiny_net_weights.json,7,0.1,0.1,unsat,1,3,0.010684967041015625,0.014831781387329102,
20251030_112350_tiny_net_weights.json,7,0.2,0.0,sat,1,6,0.08330702781677246,0.08773303031921387,"[0.7513729229482042, -0.67639684729544]"
20251030_112350_tiny_net_weights.json,7,0.2,0.1,sat,1,6,0.05605363845825195,0.060501813888549805,"[0.7513729229482042, -0.67639684729544]"
20251030_112350_tiny_net_weights.json,8,0.02,0.0,unsat,1,0,0.0027141571044921875,0.006876230239868164,
20251030_112350_tiny_net_weights.json,8,0.02,0.1,unsat,1,0,0.002512216567993164,0.00650334358215332,
20251030_112350_tiny_net_weights.json,8,0.05,0.0,unsat,1,1,0.0026378631591796875,0.006972074508666992,
20251030_112350_tiny_net_weights.json,8,0.05,0.1,unsat,1,1,0.003087759017944336,0.009601116180419922,
20251030_112350_tiny_net_weights.json,8,0.1,0.0,unsat,1,2,0.0033121109008789062,0.008615970611572266,
20251030_112350_tiny_net_weights.json,8,0.1,0.1,unsat,1,2,0.003305196762084961,0.008599042892456055,
20251030_112350_tiny_net_weights.json,8,0.2,0.0,sat,1,4,0.011147022247314453,0.015695810317993164,"[0.12788993588731612, -0.5107408497757968]"
20251030_112350_tiny_net_weights.json,8,0.2,0.1,sat,1,4,0.02136397361755371,0.025961875915527344,"[0.12788993588731612, -0.5340264465643374]"
20251030_112350_tiny_net_weights.json,9,0.02,0.0,unsat,0,0,0.0032300949096679688,0.007241010665893555,
20251030_112350_tiny_net_weights.json,9,0.02,0.1,unsat,0,0,0.003268003463745117,0.00757908821105957,
20251030_112350_tiny_net_weights.json,9,0.05,0.0,unsat,0,0,0.003194093704223633,0.007398843765258789,
20251030_112350_tiny_net_weights.json,9,0.05,0.1,unsat,0,0,0.0032329559326171875,0.0074460506439208984,
20251030_112350_tiny_net_weights.json,9,0.1,0.0,unsat,0,1,0.0028650760650634766,0.007127046585083008,
20251030_112350_tiny_net_weights.json,9,0.1,0.1,unsat,0,1,0.0028989315032958984,0.0070650577545166016,
20251030_112350_tiny_net_weights.json,9,0.2,0.0,sat,0,2,0.007908105850219727,0.012192964553833008,"[-1.173461173889164, -0.3325215775972524]"
20251030_112350_tiny_net_weights.json,9,0.2,0.1,sat,0,2,0.010304927825927734,0.014792919158935547,"[-1.173461173889164, -0.39878964798097394]"
20251030_112350_wide_net_weights.json,0,0.02,0.0,sat,0,0,0.005112886428833008,0.015785932540893555,"[0.007203761876696536, -0.4679140414600944]"
20251030_112350_wide_net_weights.json,0,0.02,0.1,sat,0,0,0.005064964294433594,0.015478134155273438,"[0.007203761876696524, -0.46791404146009447]"
20251030_112350_wide_net_weights.json,0,0.05,0.0,sat,0,2,0.014649152755737305,0.025265216827392578,"[-0.02279623812330348, -0.5379140414600942]"
20251030_112350_wide_net_weights.json,0,0.05,0.1,sat,0,2,0.004495859146118164,0.015002012252807617,"[0.0, -0.43791404146009444]"
20251030_112350_wide_net_weights.json,0,0.1,0.0,sat,0,3,0.0581660270690918,0.06863188743591309,"[-0.07279623812330341, -0.38791404146009445]"
20251030_112350_wide_net_weights.json,0,0.1,0.1,sat,0,3,0.02834916114807129,0.03877902030944824,"[-0.07279623812330345, -0.5879140414600944]"
20251030_112350_wide_net_weights.json,0,0.2,0.0,sat,0,5,0.03850078582763672,0.04885101318359375,"[-0.008957999063626489, -0.6879140414600944]"
20251030_112350_wide_net_weights.json,0,0.2,0.1,sat,0,5,0.07328367233276367,0.08365201950073242,"[-0.004608942394766688, -0.2879140414600944]"
20251030_112350_wide_net_weights.json,1,0.02,0.0,unsat,1,1,0.008717060089111328,0.018619060516357422,
20251030_112350_wide_net_weights.json,1,0.02,0.1,unsat,1,1,0.009158134460449219,0.019143104553222656,
20251030_112350_wide_net_weights.json,1,0.05,0.0,sat,1,5,0.022701025009155273,0.03312206268310547,"[0.08327042000056617, -0.7437081214487159]"
20251030_112350_wide_net_weights.json,1,0.05,0.1,sat,1,5,0.045990943908691406,0.05657386779785156,"[0.06136753409538364, -0.7437081214487159]"
20251030_112350_wide_net_weights.json,1,0.1,0.0,sat,1,5,0.17129015922546387,0.18179702758789062,"[0.0684769365429497, -0.7514875588995062]"
20251030_112350_wide_net_weights.json,1,0.1,0.1,sat,1,5,0.1393880844116211,0.1500840187072754,"[0.05286060944865441, -0.693708121448716]"
20251030_112350_wide_net_weights.json,1,0.2,0.0,sat,1,5,0.019781112670898438,0.030193090438842773,"[0.0684769365429497, -0.7514875588995062]"
20251030_112350_wide_net_weights.json,1,0.2,0.1,sat,1,5,0.062367916107177734,0.07274317741394043,"[0.24600260146080172, -0.5937081214487159]"
20251030_112350_wide_net_weights.json,2,0.02,0.0,sat,1,2,0.03341412544250488,0.04355216026306152,"[1.052421921894646, 0.07465049655220186]"
20251030_112350_wide_net_weights.json,2,0.02,0.1,sat,1,2,0.012191057205200195,0.022449970245361328,"[1.052421921894646, 0.09677218215151043]"
20251030_112350_wide_net_weights.json,2,0.05,0.0,sat,1,5,0.03606009483337402,0.04673504829406738,"[1.022421921894646, 0.09634986909965795]"
20251030_112350_wide_net_weights.json,2,0.05,0.1,sat,1,5,0.12140488624572754,0.13154816627502441,"[1.022421921894646, 0.026772182151510816]"
20251030_112350_wide_net_weights.json,2,0.1,0.0,sat,1,5,0.008238077163696289,0.01847100257873535,"[0.972421921894646, 0.0]"
20251030_112350_wide_net_weights.json,2,0.1,0.1,sat,1,5,0.025629281997680664,0.03604412078857422,"[0.972421921894646, 0.10647808623531357]"
20251030_112350_wide_net_weights.json,2,0.2,0.0,sat,1,6,0.05791282653808594,0.06847810745239258,"[0.9634959818466973, 0.03611925217565156]"
20251030_112350_wide_net_weights.json,2,0.2,0.1,sat,1,6,0.07047510147094727,0.08076310157775879,"[0.929167229727281, -0.017689219948540814]"
20251030_112350_wide_net_weights.json,3,0.02,0.0,unsat,1,1,0.006812095642089844,0.01726698875427246,
20251030_112350_wide_net_weights.json,3,0.02,0.1,unsat,1,1,0.006719112396240234,0.016690969467163086,
20251030_112350_wide_net_weights.json,3,0.05,0.0,sat,1,2,0.009659290313720703,0.019865989685058594,"[-0.5159554888915933, 0.7306995728546245]"
20251030_112350_wide_net_weights.json,3,0.05,0.1,sat,1,2,0.0190889835357666,0.029113054275512695,"[-0.5159554888915934, 0.737464307077488]"
20251030_112350_wide_net_weights.json,3,0.1,0.0,sat,1,2,0.009553909301757812,0.020242929458618164,"[-0.46595548889159333, 0.7282432879844044]"
20251030_112350_wide_net_weights.json,3,0.1,0.1,sat,1,2,0.020111799240112305,0.030426740646362305,"[-0.46595548889159344, 0.7874643070774879]"
20251030_112350_wide_net_weights.json,3,0.2,0.0,sat,1,7,0.11200904846191406,0.12254905700683594,"[-0.7659554888915934, 0.7571348506993082]"
20251030_112350_wide_net_weights.json,3,0.2,0.1,sat,1,7,0.298004150390625,0.3085486888885498,"[-0.36595548889159335, 0.8874643070774879]"
20251030_112350_wide_net_weights.json,4,0.02,0.0,unsat,0,1,0.006539821624755859,0.01663494110107422,
20251030_112350_wide_net_weights.json,4,0.02,0.1,unsat,0,1,0.006467103958129883,0.016659975051879883,
20251030_112350_wide_net_weights.json,4,0.05,0.0,sat,0,1,0.03623175621032715,0.046688079833984375,"[-0.213432720395327, 0.5529944973680562]"
20251030_112350_wide_net_weights.json,4,0.05,0.1,sat,0,1,0.01747584342956543,0.02806401252746582,"[-0.19446387454566952, 0.5295409308476425]"
20251030_112350_wide_net_weights.json,4,0.1,0.0,sat,0,3,0.04259800910949707,0.05281209945678711,"[-0.26343272039532706, 0.4795409308476426]"
20251030_112350_wide_net_weights.json,4,0.1,0.1,sat,0,3,0.05576777458190918,0.0660860538482666,"[-0.22333901729673242, 0.4795409308476426]"
20251030_112350_wide_net_weights.json,4,0.2,0.0,sat,0,7,0.507655143737793,0.5181491374969482,"[-0.36343272039532704, 0.5695123941343373]"
20251030_112350_wide_net_weights.json,4,0.2,0.1,sat,0,7,0.4954380989074707,0.5058908462524414,"[-0.1895024338929586, 0.41990501794278157]"
20251030_112350_wide_net_weights.json,5,0.02,0.0,unsat,1,1,0.007421970367431641,0.017611026763916016,
20251030_112350_wide_net_weights.json,5,0.02,0.1,unsat,1,1,0.007569789886474609,0.017703771591186523,
20251030_112350_wide_net_weights.json,5,0.05,0.0,unsat,1,1,0.007627010345458984,0.0178680419921875,
20251030_112350_wide_net_weights.json,5,0.05,0.1,unsat,1,1,0.007729053497314453,0.018198013305664062,
20251030_112350_wide_net_weights.json,5,0.1,0.0,sat,1,2,0.004345893859863281,0.014699935913085938,"[0.0, -0.2649071142054459]"
20251030_112350_wide_net_weights.json,5,0.1,0.1,sat,1,2,0.01836395263671875,0.02870488166809082,"[-0.020094947692547653, -0.2649071142054459]"
20251030_112350_wide_net_weights.json,5,0.2,0.0,sat,1,3,0.022165775299072266,0.03270387649536133,"[0.12788993588731612, -0.5649071142054458]"
20251030_112350_wide_net_weights.json,5,0.2,0.1,sat,1,3,0.022181034088134766,0.032891035079956055,"[0.12076899671784647, -0.5649071142054458]"
20251030_112350_wide_net_weights.json,6,0.02,0.0,unsat,1,1,0.005319356918334961,0.015744686126708984,
20251030_112350_wide_net_weights.json,6,0.02,0.1,unsat,1,1,0.005120992660522461,0.015298128128051758,
20251030_112350_wide_net_weights.json,6,0.05,0.0,unsat,1,1,0.008968114852905273,0.01904892921447754,
20251030_112350_wide_net_weights.json,6,0.05,0.1,unsat,1,1,0.008713960647583008,0.018803119659423828,
20251030_112350_wide_net_weights.json,6,0.1,0.0,sat,1,2,0.024199962615966797,0.03422212600708008,"[0.15908236094891962, -0.7515982112813849]"
20251030_112350_wide_net_weights.json,6,0.1,0.1,sat,1,2,0.024569034576416016,0.03462505340576172,"[0.15908236094891962, -0.7515982112813849]"
20251030_112350_wide_net_weights.json,6,0.2,0.0,sat,1,5,0.05551004409790039,0.0656890869140625,"[0.18086751886866076, -0.651598211281385]"
20251030_112350_wide_net_weights.json,6,0.2,0.1,sat,1,5,0.06486177444458008,0.07517218589782715,"[0.1643869397167281, -0.651598211281385]"
20251030_112350_wide_net_weights.json,7,0.02,0.0,unsat,1,1,0.009656190872192383,0.019720792770385742,
20251030_112350_wide_net_weights.json,7,0.02,0.1,unsat,1,1,0.009523153305053711,0.01959395408630371,
20251030_112350_wide_net_weights.json,7,0.05,0.0,unsat,1,4,0.1458878517150879,0.15587091445922852,
20251030_112350_wide_net_weights.json,7,0.05,0.1,unsat,1,4,0.0956578254699707,0.1057729721069336,
20251030_112350_wide_net_weights.json,7,0.1,0.0,sat,1,4,0.08105182647705078,0.09169292449951172,"[0.07663042507092899, -0.7305081776795755]"
20251030_112350_wide_net_weights.json,7,0.1,0.1,sat,1,4,0.0799260139465332,0.09017515182495117,"[0.05627839176660873, -0.713796358149322]"
20251030_112350_wide_net_weights.json,7,0.2,0.0,sat,1,6,0.33289599418640137,0.34351325035095215,"[0.13009923195461573, -0.613796358149322]"
20251030_112350_wide_net_weights.json,7,0.2,0.1,sat,1,6,0.20377492904663086,0.21432185173034668,"[0.06345109341359183, -0.755954376145525]"
20251030_112350_wide_net_weights.json,8,0.02,0.0,unsat,1,1,0.010080814361572266,0.020441770553588867,
20251030_112350_wide_net_weights.json,8,0.02,0.1,unsat,1,1,0.009806156158447266,0.01973104476928711,
20251030_112350_wide_net_weights.json,8,0.05,0.0,unsat,1,1,0.010337114334106445,0.020396947860717773,
20251030_112350_wide_net_weights.json,8,0.05,0.1,unsat,1,1,0.009665966033935547,0.019878149032592773,
20251030_112350_wide_net_weights.json,8,0.1,0.0,unsat,1,2,0.005380868911743164,0.015372037887573242,
20251030_112350_wide_net_weights.json,8,0.1,0.1,unsat,1,2,0.006022214889526367,0.016196012496948242,
20251030_112350_wide_net_weights.json,8,0.2,0.0,sat,1,7,0.29984498023986816,0.31041598320007324,"[0.42115135657099384, -0.6763968472954403]"
20251030_112350_wide_net_weights.json,8,0.2,0.1,sat,1,7,0.3374011516571045,0.350416898727417,"[0.6959023862279823, -0.67639684729544]"
20251030_112350_wide_net_weights.json,9,0.02,0.0,unsat,1,0,0.0035817623138427734,0.013664007186889648,
20251030_112350_wide_net_weights.json,9,0.02,0.1,unsat,1,0,0.003445148468017578,0.01349496841430664,
20251030_112350_wide_net_weights.json,9,0.05,0.0,unsat,1,1,0.007403135299682617,0.017646074295043945,
20251030_112350_wide_net_weights.json,9,0.05,0.1,unsat,1,1,0.007463932037353516,0.017547130584716797,
20251030_112350_wide_net_weights.json,9,0.1,0.0,unsat,1,1,0.007462978363037109,0.017549991607666016,
20251030_112350_wide_net_weights.json,9,0.1,0.1,unsat,1,1,0.0074307918548583984,0.01726222038269043,
20251030_112350_wide_net_weights.json,9,0.2,0.0,sat,1,3,0.018519163131713867,0.02895379066467285,"[0.025719150564528906, -0.006980907518359697]"
20251030_112350_wide_net_weights.json,9,0.2,0.1,sat,1,3,0.0045278072357177734,0.014743804931640625,"[0.0, -0.006980907518359697]"
20251030_112604_small_net_weights.json,0,0.02,0.0,unsat,0,1,0.0013241767883300781,0.003154277801513672,
20251030_112604_small_net_weights.json,0,0.02,0.1,sat,0,1,0.0009448528289794922,0.0028228759765625,"[2.0104501686158125, 0.77037364289428]"
20251030_112604_small_net_weights.json,0,0.05,0.0,sat,0,1,0.003393888473510742,0.005246877670288086,"[2.057597616566882, 0.74037364289428]"
20251030_112604_small_net_weights.json,0,0.05,0.1,sat,0,1,0.0009300708770751953,0.0027883052825927734,"[1.9804501686158125, 0.74037364289428]"
20251030_112604_small_net_weights.json,0,0.1,0.0,sat,0,1,0.003316164016723633,0.005181074142456055,"[2.0837106832555454, 0.69037364289428]"
20251030_112604_small_net_weights.json,0,0.1,0.1,sat,0,1,0.0009088516235351562,0.002707958221435547,"[1.9304501686158124, 0.69037364289428]"
20251030_112604_small_net_weights.json,0,0.2,0.0,sat,0,2,0.0018968582153320312,0.00374603271484375,"[1.8304501686158126, 0.6671098297345561]"
20251030_112604_small_net_weights.json,0,0.2,0.1,sat,0,2,0.004332065582275391,0.006345033645629883,"[2.03495813614966, 0.7837225928417224]"
20251030_112604_small_net_weights.json,1,0.02,0.0,unsat,1,0,0.0012080669403076172,0.0028989315032958984,
20251030_112604_small_net_weights.json,1,0.02,0.1,unsat,1,0,0.001123666763305664,0.002796173095703125,
20251030_112604_small_net_weights.json,1,0.05,0.0,unsat,1,0,0.0009069442749023438,0.0026068687438964844,
20251030_112604_small_net_weights.json,1,0.05,0.1,sat,1,0,0.0012578964233398438,0.003031015396118164,"[-0.18080180187938433, -0.1569809075183597]"
20251030_112604_small_net_weights.json,1,0.1,0.0,sat,1,0,0.001055002212524414,0.0028688907623291016,"[-0.14640826145526845, -0.1069809075183597]"
20251030_112604_small_net_weights.json,1,0.1,0.1,sat,1,0,0.0008878707885742188,0.0026578903198242188,"[-0.05423416975431758, -0.1069809075183597]"
20251030_112604_small_net_weights.json,1,0.2,0.0,sat,1,1,0.0009729862213134766,0.002846956253051758,"[0.0, -0.006980907518359697]"
20251030_112604_small_net_weights.json,1,0.2,0.1,sat,1,1,0.0008320808410644531,0.0026221275329589844,"[0.0, -0.006980907518359697]"
20251030_112604_small_net_weights.json,2,0.02,0.0,unsat,1,0,0.0008649826049804688,0.0026128292083740234,
20251030_112604_small_net_weights.json,2,0.02,0.1,unsat,1,0,0.0009288787841796875,0.002714872360229492,
20251030_112604_small_net_weights.json,2,0.05,0.0,unsat,1,0,0.0008831024169921875,0.0025599002838134766,
20251030_112604_small_net_weights.json,2,0.05,0.1,unsat,1,0,0.0008921623229980469,0.0026710033416748047,
20251030_112604_small_net_weights.json,2,0.1,0.0,sat,1,0,0.0012669563293457031,0.003063201904296875,"[0.29192062173459865, 0.06465825651398387]"
20251030_112604_small_net_weights.json,2,0.1,0.1,sat,1,0,0.0010361671447753906,0.002803802490234375,"[0.29192062173459865, 0.028125948817415283]"
20251030_112604_small_net_weights.json,2,0.2,0.0,sat,1,1,0.0011987686157226562,0.002990245819091797,"[0.19192062173459867, 0.02550063523580857]"
20251030_112604_small_net_weights.json,2,0.2,0.1,sat,1,1,0.0008373260498046875,0.002752065658569336,"[0.19192062173459867, 0.0]"
20251030_112604_small_net_weights.json,3,0.02,0.0,unsat,0,0,0.0009489059448242188,0.0026350021362304688,
20251030_112604_small_net_weights.json,3,0.02,0.1,unsat,0,0,0.0009181499481201172,0.0026788711547851562,
20251030_112604_small_net_weights.json,3,0.05,0.0,unsat,0,1,0.0010218620300292969,0.0029249191284179688,
20251030_112604_small_net_weights.json,3,0.05,0.1,unsat,0,1,0.0009732246398925781,0.0026810169219970703,
20251030_112604_small_net_weights.json,3,0.1,0.0,unsat,0,1,0.0010428428649902344,0.0028429031372070312,
20251030_112604_small_net_weights.json,3,0.1,0.1,unsat,0,1,0.0009851455688476562,0.0029268264770507812,
20251030_112604_small_net_weights.json,3,0.2,0.0,sat,0,1,0.0015308856964111328,0.003348112106323242,"[0.0703608187399816, -0.022099292047319585]"
20251030_112604_small_net_weights.json,3,0.2,0.1,sat,0,1,0.0010831356048583984,0.002891063690185547,"[0.03350205363084226, 0.0]"
20251030_112604_small_net_weights.json,4,0.02,0.0,unsat,0,2,0.002315044403076172,0.0041658878326416016,
20251030_112604_small_net_weights.json,4,0.02,0.1,unsat,0,2,0.0022950172424316406,0.003992795944213867,
20251030_112604_small_net_weights.json,4,0.05,0.0,unsat,0,2,0.00222015380859375,0.0040628910064697266,
20251030_112604_small_net_weights.json,4,0.05,0.1,unsat,0,2,0.0024220943450927734,0.004137992858886719,
20251030_112604_small_net_weights.json,4,0.1,0.0,unsat,0,2,0.002225160598754883,0.003982067108154297,
20251030_112604_small_net_weights.json,4,0.1,0.1,unsat,0,2,0.002398967742919922,0.004100799560546875,
20251030_112604_small_net_weights.json,4,0.2,0.0,sat,0,3,0.0062329769134521484,0.008175134658813477,"[-0.701377017540616, -0.32429347123846053]"
20251030_112604_small_net_weights.json,4,0.2,0.1,sat,0,3,0.0012640953063964844,0.0032660961151123047,"[-0.47019144226093573, -0.32429347123846053]"
20251030_112604_small_net_weights.json,5,0.02,0.0,unsat,1,0,0.0009768009185791016,0.0026590824127197266,
20251030_112604_small_net_weights.json,5,0.02,0.1,unsat,1,0,0.0009291172027587891,0.0027573108673095703,
20251030_112604_small_net_weights.json,5,0.05,0.0,unsat,1,0,0.0009212493896484375,0.0026030540466308594,
20251030_112604_small_net_weights.json,5,0.05,0.1,unsat,1,0,0.0009160041809082031,0.0025949478149414062,
20251030_112604_small_net_weights.json,5,0.1,0.0,unsat,1,0,0.0009610652923583984,0.0026237964630126953,
20251030_112604_small_net_weights.json,5,0.1,0.1,unsat,1,0,0.0009291172027587891,0.002765655517578125,
20251030_112604_small_net_weights.json,5,0.2,0.0,sat,1,1,0.0011377334594726562,0.0029680728912353516,"[1.3785347972757018, 0.490150520127336]"
20251030_112604_small_net_weights.json,5,0.2,0.1,sat,1,1,0.0013489723205566406,0.0031480789184570312,"[1.3785347972757018, 0.45361821243076744]"
20251030_112604_small_net_weights.json,6,0.02,0.0,unsat,1,0,0.001116037368774414,0.0027952194213867188,
20251030_112604_small_net_weights.json,6,0.02,0.1,unsat,1,0,0.0012197494506835938,0.0029141902923583984,
20251030_112604_small_net_weights.json,6,0.05,0.0,unsat,1,0,0.0012197494506835938,0.003034830093383789,
20251030_112604_small_net_weights.json,6,0.05,0.1,unsat,1,0,0.001252889633178711,0.002969026565551758,
20251030_112604_small_net_weights.json,6,0.1,0.0,unsat,1,1,0.0009090900421142578,0.0026628971099853516,
20251030_112604_small_net_weights.json,6,0.1,0.1,unsat,1,1,0.0009751319885253906,0.002864837646484375,
20251030_112604_small_net_weights.json,6,0.2,0.0,sat,1,1,0.0011398792266845703,0.0029561519622802734,"[0.3855871544374179, 0.10133584265415205]"
20251030_112604_small_net_weights.json,6,0.2,0.1,sat,1,1,0.0011949539184570312,0.003077983856201172,"[0.3855871544374179, 0.06480353495758347]"
20251030_112604_small_net_weights.json,7,0.02,0.0,unsat,0,0,0.0009038448333740234,0.0027620792388916016,
20251030_112604_small_net_weights.json,7,0.02,0.1,unsat,0,0,0.0008580684661865234,0.0024611949920654297,
20251030_112604_small_net_weights.json,7,0.05,0.0,unsat,0,1,0.0009119510650634766,0.0026772022247314453,
20251030_112604_small_net_weights.json,7,0.05,0.1,unsat,0,1,0.0008788108825683594,0.0027441978454589844,
20251030_112604_small_net_weights.json,7,0.1,0.0,unsat,0,2,0.0012471675872802734,0.0029501914978027344,
20251030_112604_small_net_weights.json,7,0.1,0.1,unsat,0,2,0.0012099742889404297,0.0029768943786621094,
20251030_112604_small_net_weights.json,7,0.2,0.0,sat,0,3,0.006160736083984375,0.008167028427124023,"[-0.17258469861684855, -0.11723097764621078]"
20251030_112604_small_net_weights.json,7,0.2,0.1,sat,0,3,0.004609107971191406,0.006720066070556641,"[-0.2658802219507188, -0.11723097764621078]"
20251030_112604_small_net_weights.json,8,0.02,0.0,unsat,1,1,0.0010199546813964844,0.0028710365295410156,
20251030_112604_small_net_weights.json,8,0.02,0.1,unsat,1,1,0.0009770393371582031,0.0026769638061523438,
20251030_112604_small_net_weights.json,8,0.05,0.0,unsat,1,1,0.0011138916015625,0.0028548240661621094,
20251030_112604_small_net_weights.json,8,0.05,0.1,unsat,1,1,0.001190185546875,0.0030469894409179688,
20251030_112604_small_net_weights.json,8,0.1,0.0,unsat,1,1,0.0009038448333740234,0.0026209354400634766,
20251030_112604_small_net_weights.json,8,0.1,0.1,unsat,1,1,0.0009479522705078125,0.0026929378509521484,
20251030_112604_small_net_weights.json,8,0.2,0.0,unsat,1,1,0.0009469985961914062,0.002843141555786133,
20251030_112604_small_net_weights.json,8,0.2,0.1,sat,1,1,0.0018818378448486328,0.003726959228515625,"[-0.2721100641126839, -0.1927350510393583]"
20251030_112604_small_net_weights.json,9,0.02,0.0,unsat,1,0,0.000904083251953125,0.002663135528564453,
20251030_112604_small_net_weights.json,9,0.02,0.1,unsat,1,0,0.0008921623229980469,0.0027489662170410156,
20251030_112604_small_net_weights.json,9,0.05,0.0,unsat,1,1,0.0010190010070800781,0.0027692317962646484,
20251030_112604_small_net_weights.json,9,0.05,0.1,unsat,1,1,0.0009918212890625,0.002722024917602539,
20251030_112604_small_net_weights.json,9,0.1,0.0,unsat,1,1,0.0009570121765136719,0.002747058868408203,
20251030_112604_small_net_weights.json,9,0.1,0.1,unsat,1,1,0.0009419918060302734,0.002605915069580078,
20251030_112604_small_net_weights.json,9,0.2,0.0,unsat,1,1,0.0009589195251464844,0.002668619155883789,
20251030_112604_small_net_weights.json,9,0.2,0.1,sat,1,1,0.0011551380157470703,0.003300189971923828,"[0.8724219218946461, 0.2554364494489703]"
20251030_112605_tiny_net_weights.json,0,0.02,0.0,unsat,0,0,0.003016233444213867,0.007230043411254883,
20251030_112605_tiny_net_weights.json,0,0.02,0.1,unsat,0,0,0.0031511783599853516,0.0071659088134765625,
20251030_112605_tiny_net_weights.json,0,0.05,0.0,sat,0,1,0.009944677352905273,0.014081954956054688,"[-0.6159554888915934, 0.6641244161490026]"
20251030_112605_tiny_net_weights.json,0,0.05,0.1,sat,0,1,0.009781837463378906,0.014083147048950195,"[-0.6159554888915934, 0.6740173154321697]"
20251030_112605_tiny_net_weights.json,0,0.1,0.0,sat,0,2,0.0022971630096435547,0.006598234176635742,"[-0.46595548889159333, 0.587464307077488]"
20251030_112605_tiny_net_weights.json,0,0.1,0.1,sat,0,2,0.005243778228759766,0.00956416130065918,"[-0.6659554888915933, 0.587464307077488]"
20251030_112605_tiny_net_weights.json,0,0.2,0.0,sat,0,2,0.006766080856323242,0.011081933975219727,"[-0.3659554888915933, 0.6033778930157396]"
20251030_112605_tiny_net_weights.json,0,0.2,0.1,sat,0,2,0.014098167419433594,0.01851177215576172,"[-0.7659554888915934, 0.48746430707748795]"
20251030_112605_tiny_net_weights.json,1,0.02,0.0,unsat,1,0,0.003644227981567383,0.0076067447662353516,
20251030_112605_tiny_net_weights.json,1,0.02,0.1,unsat,1,0,0.0038061141967773438,0.007715940475463867,
20251030_112605_tiny_net_weights.json,1,0.05,0.0,sat,1,2,0.004194021224975586,0.00839996337890625,"[1.022421921894646, 0.03907173311979424]"
20251030_112605_tiny_net_weights.json,1,0.05,0.1,sat,1,2,0.0052869319915771484,0.009682178497314453,"[1.022421921894646, 0.12677218215151043]"
20251030_112605_tiny_net_weights.json,1,0.1,0.0,sat,1,3,0.014824151992797852,0.019087791442871094,"[0.972421921894646, 0.17677218215151042]"
20251030_112605_tiny_net_weights.json,1,0.1,0.1,sat,1,3,0.0046236515045166016,0.008977174758911133,"[0.972421921894646, 0.17677218215151042]"
20251030_112605_tiny_net_weights.json,1,0.2,0.0,sat,1,3,0.011813163757324219,0.016204118728637695,"[0.9574887226937293, -0.12322781784848959]"
20251030_112605_tiny_net_weights.json,1,0.2,0.1,sat,1,3,0.01693892478942871,0.021324872970581055,"[1.0243821385029317, 0.27677218215151045]"
20251030_112605_tiny_net_weights.json,2,0.02,0.0,unsat,1,2,0.00974583625793457,0.013955116271972656,
20251030_112605_tiny_net_weights.json,2,0.02,0.1,unsat,1,2,0.005087137222290039,0.009068012237548828,
20251030_112605_tiny_net_weights.json,2,0.05,0.0,unsat,1,3,0.046547889709472656,0.05062985420227051,
20251030_112605_tiny_net_weights.json,2,0.05,0.1,unsat,1,3,0.05025506019592285,0.05427694320678711,
20251030_112605_tiny_net_weights.json,2,0.1,0.0,sat,1,4,0.018843889236450195,0.023351192474365234,"[0.6125713002500828, -0.77639684729544]"
20251030_112605_tiny_net_weights.json,2,0.1,0.1,sat,1,4,0.02248239517211914,0.026814937591552734,"[0.5309498533280019, -0.77639684729544]"
20251030_112605_tiny_net_weights.json,2,0.2,0.0,sat,1,7,0.20566606521606445,0.21110105514526367,"[0.42115135657099384, -0.744853942755005]"
20251030_112605_tiny_net_weights.json,2,0.2,0.1,sat,1,7,0.14728617668151855,0.1521310806274414,"[0.421151356570994, -0.67639684729544]"
20251030_112605_tiny_net_weights.json,3,0.02,0.0,unsat,1,0,0.004241943359375,0.008463859558105469,
20251030_112605_tiny_net_weights.json,3,0.02,0.1,unsat,1,0,0.0034837722778320312,0.007550954818725586,
20251030_112605_tiny_net_weights.json,3,0.05,0.0,unsat,1,1,0.0031092166900634766,0.007143974304199219,
20251030_112605_tiny_net_weights.json,3,0.05,0.1,sat,1,1,0.0037288665771484375,0.007914066314697266,"[0.07050025095721846, -0.43791404146009444]"
20251030_112605_tiny_net_weights.json,3,0.1,0.0,sat,1,1,0.012917041778564453,0.01704692840576172,"[0.12720376187669652, -0.5879140414600944]"
20251030_112605_tiny_net_weights.json,3,0.1,0.1,sat,1,1,0.01270604133605957,0.01716899871826172,"[0.12720376187669652, -0.5879140414600944]"
20251030_112605_tiny_net_weights.json,3,0.2,0.0,sat,1,3,0.005474090576171875,0.009737014770507812,"[0.031147286796519368, -0.2879140414600944]"
20251030_112605_tiny_net_weights.json,3,0.2,0.1,sat,1,3,0.006960868835449219,0.0112152099609375,"[0.16321194462473176, -0.2879140414600944]"
20251030_112605_tiny_net_weights.json,4,0.02,0.0,unsat,0,0,0.003857851028442383,0.008048772811889648,
20251030_112605_tiny_net_weights.json,4,0.02,0.1,unsat,0,0,0.003921985626220703,0.0080718994140625,
20251030_112605_tiny_net_weights.json,4,0.05,0.0,unsat,0,2,0.01371002197265625,0.01786184310913086,
20251030_112605_tiny_net_weights.json,4,0.05,0.1,unsat,0,2,0.0137481689453125,0.01792001724243164,
20251030_112605_tiny_net_weights.json,4,0.1,0.0,sat,0,2,0.005513906478881836,0.009719133377075195,"[-0.26343272039532706, 0.5194265824647052]"
20251030_112605_tiny_net_weights.json,4,0.1,0.1,sat,0,2,0.005368709564208984,0.009531021118164062,"[-0.20021574605049253, 0.4795409308476426]"
20251030_112605_tiny_net_weights.json,4,0.2,0.0,sat,0,5,0.04536294937133789,0.04976820945739746,"[-0.3360576792244874, 0.37954093084764257]"
20251030_112605_tiny_net_weights.json,4,0.2,0.1,sat,0,5,0.045247793197631836,0.049591064453125,"[-0.3360576792244874, 0.37954093084764257]"
20251030_112605_tiny_net_weights.json,5,0.02,0.0,unsat,1,2,0.00495600700378418,0.008944988250732422,
20251030_112605_tiny_net_weights.json,5,0.02,0.1,unsat,1,2,0.004837989807128906,0.008961915969848633,
20251030_112605_tiny_net_weights.json,5,0.05,0.0,unsat,1,2,0.01872730255126953,0.022948026657104492,
20251030_112605_tiny_net_weights.json,5,0.05,0.1,unsat,1,2,0.03029608726501465,0.03451132774353027,
20251030_112605_tiny_net_weights.json,5,0.1,0.0,sat,1,3,0.018074750900268555,0.022329092025756836,"[0.15841838056383645, -0.693708121448716]"
20251030_112605_tiny_net_weights.json,5,0.1,0.1,sat,1,3,0.005271196365356445,0.009654998779296875,"[0.15841838056383645, -0.693708121448716]"
20251030_112605_tiny_net_weights.json,5,0.2,0.0,sat,1,4,0.007340669631958008,0.011749029159545898,"[0.12624011936864005, -0.5937081214487159]"
20251030_112605_tiny_net_weights.json,5,0.2,0.1,sat,1,4,0.08229494094848633,0.08684706687927246,"[0.11894756022048743, -0.5937081214487159]"
20251030_112605_tiny_net_weights.json,6,0.02,0.0,unsat,1,1,0.0033910274505615234,0.007605075836181641,
20251030_112605_tiny_net_weights.json,6,0.02,0.1,unsat,1,1,0.0032777786254882812,0.007209062576293945,
20251030_112605_tiny_net_weights.json,6,0.05,0.0,unsat,1,1,0.003247976303100586,0.0074689388275146484,
20251030_112605_tiny_net_weights.json,6,0.05,0.1,unsat,1,1,0.0031609535217285156,0.007277727127075195,
20251030_112605_tiny_net_weights.json,6,0.1,0.0,unsat,1,3,0.02272319793701172,0.027053117752075195,
20251030_112605_tiny_net_weights.json,6,0.1,0.1,unsat,1,3,0.022654056549072266,0.02698969841003418,
20251030_112605_tiny_net_weights.json,6,0.2,0.0,sat,1,5,0.06608200073242188,0.07040524482727051,"[0.1578007285433262, -0.6951989192870704]"
20251030_112605_tiny_net_weights.json,6,0.2,0.1,sat,1,5,0.07231688499450684,0.07667398452758789,"[0.13694965045142932, -0.651598211281385]"
20251030_112605_tiny_net_weights.json,7,0.02,0.0,unsat,1,0,0.0036690235137939453,0.007591962814331055,
20251030_112605_tiny_net_weights.json,7,0.02,0.1,unsat,1,0,0.003821849822998047,0.007938861846923828,
20251030_112605_tiny_net_weights.json,7,0.05,0.0,unsat,1,1,0.0036699771881103516,0.007740020751953125,
20251030_112605_tiny_net_weights.json,7,0.05,0.1,unsat,1,1,0.003667116165161133,0.007782697677612305,
20251030_112605_tiny_net_weights.json,7,0.1,0.0,unsat,1,2,0.0036809444427490234,0.007914066314697266,
20251030_112605_tiny_net_weights.json,7,0.1,0.1,unsat,1,2,0.003665924072265625,0.007899045944213867,
20251030_112605_tiny_net_weights.json,7,0.2,0.0,sat,1,4,0.00629115104675293,0.010730981826782227,"[-0.49457551485552353, 0.735248154656583]"
20251030_112605_tiny_net_weights.json,7,0.2,0.1,sat,1,4,0.021190881729125977,0.025648832321166992,"[-0.4945755148555235, 0.6247378712630477]"
20251030_112605_tiny_net_weights.json,8,0.02,0.0,unsat,1,1,0.0017671585083007812,0.0059909820556640625,
20251030_112605_tiny_net_weights.json,8,0.02,0.1,unsat,1,1,0.0016939640045166016,0.005972862243652344,
20251030_112605_tiny_net_weights.json,8,0.05,0.0,unsat,1,1,0.0022509098052978516,0.0063669681549072266,
20251030_112605_tiny_net_weights.json,8,0.05,0.1,unsat,1,1,0.0022139549255371094,0.006248950958251953,
20251030_112605_tiny_net_weights.json,8,0.1,0.0,sat,1,1,0.011227130889892578,0.015386104583740234,"[0.027889935887316114, -0.27743923912707463]"
20251030_112605_tiny_net_weights.json,8,0.1,0.1,sat,1,1,0.003651142120361328,0.007904052734375,"[0.016700259904888336, -0.2649071142054459]"
20251030_112605_tiny_net_weights.json,8,0.2,0.0,sat,1,2,0.0022020339965820312,0.006615877151489258,"[0.0, -0.16490711420544585]"
20251030_112605_tiny_net_weights.json,8,0.2,0.1,sat,1,2,0.011709213256835938,0.0161440372467041,"[0.12788993588731612, -0.16490711420544807]"
20251030_112605_tiny_net_weights.json,9,0.02,0.0,unsat,1,1,0.0036449432373046875,0.007803678512573242,
20251030_112605_tiny_net_weights.json,9,0.02,0.1,unsat,1,1,0.003631114959716797,0.007837772369384766,
20251030_112605_tiny_net_weights.json,9,0.05,0.0,unsat,1,1,0.0031740665435791016,0.0072710514068603516,
20251030_112605_tiny_net_weights.json,9,0.05,0.1,unsat,1,1,0.003297090530395508,0.0073812007904052734,
20251030_112605_tiny_net_weights.json,9,0.1,0.0,sat,1,2,0.004868984222412109,0.00913095474243164,"[1.3878408888983735, 0.952430923639423]"
20251030_112605_tiny_net_weights.json,9,0.1,0.1,sat,1,2,0.018700122833251953,0.02298593521118164,"[1.3878408888983735, 0.9373451482448466]"
20251030_112605_tiny_net_weights.json,9,0.2,0.0,sat,1,3,0.010168790817260742,0.014532089233398438,"[1.2878408888983737, 1.0810547563878041]"
20251030_112605_tiny_net_weights.json,9,0.2,0.1,sat,1,3,0.004637002944946289,0.008980274200439453,"[1.2878408888983737, 1.0810547563878041]"
20251030_112605_wide_net_weights.json,0,0.02,0.0,sat,0,0,0.02018880844116211,0.03049492835998535,"[-0.571760862011105, 0.6674643070774879]"
20251030_112605_wide_net_weights.json,0,0.02,0.1,sat,0,0,0.007036924362182617,0.0173492431640625,"[-0.5459554888915933, 0.6674643070774879]"
20251030_112605_wide_net_weights.json,0,0.05,0.0,sat,0,2,0.007327079772949219,0.01756000518798828,"[-0.5159554888915933, 0.6374643070774879]"
20251030_112605_wide_net_weights.json,0,0.05,0.1,sat,0,2,0.024502992630004883,0.03457903861999512,"[-0.6159554888915932, 0.6374643070774879]"
20251030_112605_wide_net_weights.json,0,0.1,0.0,sat,0,3,0.10272407531738281,0.11280012130737305,"[-0.5281970200286533, 0.587464307077488]"
20251030_112605_wide_net_weights.json,0,0.1,0.1,sat,0,3,0.05871105194091797,0.06893110275268555,"[-0.5590409274987037, 0.587464307077488]"
20251030_112605_wide_net_weights.json,0,0.2,0.0,sat,0,6,0.19370508193969727,0.2041611671447754,"[-0.7659554888915934, 0.638658812127374]"
20251030_112605_wide_net_weights.json,0,0.2,0.1,sat,0,6,0.047718048095703125,0.058302879333496094,"[-0.7659554888915934, 0.6418996284548013]"
20251030_112605_wide_net_weights.json,1,0.02,0.0,sat,1,0,0.022283077239990234,0.032258033752441406,"[1.052421921894646, 0.07024890242110494]"
20251030_112605_wide_net_weights.json,1,0.02,0.1,sat,1,0,0.022194862365722656,0.032227277755737305,"[1.052421921894646, 0.058201038751573723]"
20251030_112605_wide_net_weights.json,1,0.05,0.0,sat,1,2,0.007272005081176758,0.017408132553100586,"[1.022421921894646, 0.02677218215151128]"
20251030_112605_wide_net_weights.json,1,0.05,0.1,sat,1,2,0.021172046661376953,0.03129911422729492,"[1.0224219218946462, 0.12677218215151043]"
20251030_112605_wide_net_weights.json,1,0.1,0.0,sat,1,3,0.012089967727661133,0.022171974182128906,"[0.9724219218946464, 0.17677218215151042]"
20251030_112605_wide_net_weights.json,1,0.1,0.1,sat,1,3,0.016849040985107422,0.027116060256958008,"[0.972421921894646, -0.023227817848489565]"
20251030_112605_wide_net_weights.json,1,0.2,0.0,sat,1,5,0.025291919708251953,0.035447120666503906,"[1.1080356269676654, 0.27677218215151045]"
20251030_112605_wide_net_weights.json,1,0.2,0.1,sat,1,5,0.4174337387084961,0.42780065536499023,"[0.8724219218946464, 0.27677218215151045]"
20251030_112605_wide_net_weights.json,2,0.02,0.0,unsat,1,1,0.017251968383789062,0.027724027633666992,
20251030_112605_wide_net_weights.json,2,0.02,0.1,sat,1,1,0.018522262573242188,0.028524160385131836,"[0.046088571225062144, -0.4679140414600944]"
20251030_112605_wide_net_weights.json,2,0.05,0.0,sat,1,1,0.008810997009277344,0.01901102066040039,"[0.045200963960080734, -0.43791404146009444]"
20251030_112605_wide_net_weights.json,2,0.05,0.1,sat,1,1,0.008936882019042969,0.019440174102783203,"[0.03857215609148702, -0.43791404146009444]"
20251030_112605_wide_net_weights.json,2,0.1,0.0,sat,1,3,0.04131317138671875,0.05150485038757324,"[0.12720376187669652, -0.5879140414600944]"
20251030_112605_wide_net_weights.json,2,0.1,0.1,sat,1,3,0.03797292709350586,0.0482940673828125,"[0.12720376187669652, -0.461920737040257]"
20251030_112605_wide_net_weights.json,2,0.2,0.0,sat,1,4,0.01311492919921875,0.02321910858154297,"[0.08509216724223377, -0.2879140414600944]"
20251030_112605_wide_net_weights.json,2,0.2,0.1,sat,1,4,0.07974386215209961,0.08995890617370605,"[0.13785343990294002, -0.5059256078703626]"
20251030_112605_wide_net_weights.json,3,0.02,0.0,unsat,0,1,0.00730586051940918,0.017309904098510742,
20251030_112605_wide_net_weights.json,3,0.02,0.1,unsat,0,1,0.0076563358306884766,0.017744779586791992,
20251030_112605_wide_net_weights.json,3,0.05,0.0,sat,0,3,0.1117861270904541,0.12199020385742188,"[-0.213432720395327, 0.5388688827722543]"
20251030_112605_wide_net_weights.json,3,0.05,0.1,sat,0,3,0.10942983627319336,0.11997008323669434,"[-0.213432720395327, 0.5591565904214267]"
20251030_112605_wide_net_weights.json,3,0.1,0.0,sat,0,4,0.11004424095153809,0.12050414085388184,"[-0.26343272039532706, 0.4998112762373618]"
20251030_112605_wide_net_weights.json,3,0.1,0.1,sat,0,4,0.11284494400024414,0.12317585945129395,"[-0.18712391600614997, 0.4795409308476426]"
20251030_112605_wide_net_weights.json,3,0.2,0.0,sat,0,7,0.1420879364013672,0.15259385108947754,"[-0.2282321852421872, 0.5836549983893717]"
20251030_112605_wide_net_weights.json,3,0.2,0.1,sat,0,7,0.19948410987854004,0.2099599838256836,"[-0.36343272039532704, 0.5758013392801868]"
20251030_112605_wide_net_weights.json,4,0.02,0.0,unsat,1,1,0.008546113967895508,0.018558979034423828,
20251030_112605_wide_net_weights.json,4,0.02,0.1,unsat,1,1,0.008581876754760742,0.01874518394470215,
20251030_112605_wide_net_weights.json,4,0.05,0.0,unsat,1,2,0.033963918685913086,0.0441899299621582,
20251030_112605_wide_net_weights.json,4,0.05,0.1,unsat,1,2,0.0385279655456543,0.04851675033569336,
20251030_112605_wide_net_weights.json,4,0.1,0.0,sat,1,4,0.0793159008026123,0.0897362232208252,"[0.6646585928353059, -0.77639684729544]"
20251030_112605_wide_net_weights.json,4,0.1,0.1,sat,1,4,0.09521293640136719,0.10582399368286133,"[0.7211513565709937, -0.77639684729544]"
20251030_112605_wide_net_weights.json,4,0.2,0.0,sat,1,5,0.15703082084655762,0.16828179359436035,"[0.7269474996594045, -0.67639684729544]"
20251030_112605_wide_net_weights.json,4,0.2,0.1,sat,1,5,0.19329094886779785,0.20362114906311035,"[0.7434457137724487, -0.7854362910671657]"
20251030_112605_wide_net_weights.json,5,0.02,0.0,unsat,1,1,0.008769035339355469,0.018770933151245117,
20251030_112605_wide_net_weights.json,5,0.02,0.1,unsat,1,1,0.008756875991821289,0.01915717124938965,
20251030_112605_wide_net_weights.json,5,0.05,0.0,unsat,1,3,0.14078402519226074,0.15088415145874023,
20251030_112605_wide_net_weights.json,5,0.05,0.1,unsat,1,3,0.035600900650024414,0.04554414749145508,
20251030_112605_wide_net_weights.json,5,0.1,0.0,sat,1,4,0.07119107246398926,0.08156991004943848,"[0.118850774159105, -0.6997715222490899]"
20251030_112605_wide_net_weights.json,5,0.1,0.1,sat,1,4,0.13863086700439453,0.14917469024658203,"[0.10266063922166711, -0.693708121448716]"
20251030_112605_wide_net_weights.json,5,0.2,0.0,sat,1,4,0.04903101921081543,0.059149980545043945,"[0.118850774159105, -0.6997715222490899]"
20251030_112605_wide_net_weights.json,5,0.2,0.1,sat,1,4,0.047395944595336914,0.05769968032836914,"[0.2001047106919076, -0.6112183607822521]"
20251030_112605_wide_net_weights.json,6,0.02,0.0,unsat,1,0,0.005297183990478516,0.01522684097290039,
20251030_112605_wide_net_weights.json,6,0.02,0.1,unsat,1,0,0.005297183990478516,0.015340805053710938,
20251030_112605_wide_net_weights.json,6,0.05,0.0,unsat,1,1,0.005160331726074219,0.015224218368530273,
20251030_112605_wide_net_weights.json,6,0.05,0.1,unsat,1,1,0.0050008296966552734,0.015117168426513672,
20251030_112605_wide_net_weights.json,6,0.1,0.0,sat,1,1,0.03215909004211426,0.04268789291381836,"[0.027889935887316114, -0.36882115170429375]"
20251030_112605_wide_net_weights.json,6,0.1,0.1,sat,1,1,0.005299091339111328,0.015895843505859375,"[0.0, -0.2649071142054459]"
20251030_112605_wide_net_weights.json,6,0.2,0.0,sat,1,3,0.02999114990234375,0.040486812591552734,"[0.12788993588731612, -0.5649071142054458]"
20251030_112605_wide_net_weights.json,6,0.2,0.1,sat,1,3,0.03529095649719238,0.045649051666259766,"[0.12788993588731612, -0.46475603390368164]"
20251030_112605_wide_net_weights.json,7,0.02,0.0,unsat,1,1,0.008919000625610352,0.019179105758666992,
20251030_112605_wide_net_weights.json,7,0.02,0.1,unsat,1,1,0.009038925170898438,0.01914072036743164,
20251030_112605_wide_net_weights.json,7,0.05,0.0,unsat,1,1,0.007678031921386719,0.018216848373413086,
20251030_112605_wide_net_weights.json,7,0.05,0.1,unsat,1,1,0.007927894592285156,0.018028974533081055,
20251030_112605_wide_net_weights.json,7,0.1,0.0,unsat,1,2,0.008097171783447266,0.017978906631469727,
20251030_112605_wide_net_weights.json,7,0.1,0.1,unsat,1,2,0.007801055908203125,0.017743825912475586,
20251030_112605_wide_net_weights.json,7,0.2,0.0,sat,1,4,0.13948988914489746,0.14973187446594238,"[0.1400833327175331, -0.651598211281385]"
20251030_112605_wide_net_weights.json,7,0.2,0.1,sat,1,4,0.07046198844909668,0.08284187316894531,"[0.10027994110893822, -0.6842061258680254]"
20251030_112605_wide_net_weights.json,8,0.02,0.0,unsat,1,1,0.031222820281982422,0.04537606239318848,
20251030_112605_wide_net_weights.json,8,0.02,0.1,unsat,1,1,0.03063178062438965,0.04203915596008301,
20251030_112605_wide_net_weights.json,8,0.05,0.0,unsat,1,3,0.11855196952819824,0.13106703758239746,
20251030_112605_wide_net_weights.json,8,0.05,0.1,unsat,1,3,0.1713411808013916,0.18212890625,
20251030_112605_wide_net_weights.json,8,0.1,0.0,unsat,1,7,0.5146591663360596,0.5276899337768555,
20251030_112605_wide_net_weights.json,8,0.1,0.1,unsat,1,7,0.29547595977783203,0.3061940670013428,
20251030_112605_wide_net_weights.json,8,0.2,0.0,sat,1,8,0.08091187477111816,0.09145188331604004,"[-0.7456144186885865, 0.7181776619086224]"
20251030_112605_wide_net_weights.json,8,0.2,0.1,sat,1,8,0.7245650291442871,0.7350268363952637,"[-0.4945755148555235, 0.6359786116586789]"
20251030_112605_wide_net_weights.json,9,0.02,0.0,unsat,1,0,0.005281686782836914,0.015649080276489258,
20251030_112605_wide_net_weights.json,9,0.02,0.1,unsat,1,0,0.005143880844116211,0.015005826950073242,
20251030_112605_wide_net_weights.json,9,0.05,0.0,unsat,1,0,0.004580020904541016,0.014937162399291992,
20251030_112605_wide_net_weights.json,9,0.05,0.1,unsat,1,0,0.004576683044433594,0.014791727066040039,
20251030_112605_wide_net_weights.json,9,0.1,0.0,unsat,1,1,0.004270076751708984,0.014579057693481445,
20251030_112605_wide_net_weights.json,9,0.1,0.1,unsat,1,1,0.0045011043548583984,0.014582157135009766,
20251030_112605_wide_net_weights.json,9,0.2,0.0,sat,1,2,0.005581855773925781,0.015855073928833008,"[0.0, -0.006980907518359697]"
20251030_112605_wide_net_weights.json,9,0.2,0.1,sat,1,2,0.04649615287780762,0.05686616897583008,"[0.045765830245682426, -0.12541613537411428]"
